<?xml version='1.0'?>
<!DOCTYPE platform SYSTEM "http://simgrid.gforge.inria.fr/simgrid/simgrid.dtd">
<platform version="4.1">

	<zone id="AS0" routing="Full">
		<zone id="my_cluster1" routing="Cluster">
			<cabinet id="cabinet1" prefix="algol" suffix="" 
				speed="3Gf" bw="56Gbps" lat="1us" radical="100-227"/>

			<cabinet id="cabinet1" prefix="boo" suffix="" 
				speed="3Gf" bw="56Gbps" lat="1us" radical="100-227"/>

			<cabinet id="cabinet1" prefix="cobol" suffix="" 
				speed="3Gf" bw="56Gbps" lat="1us" radical="100-227"/>

			<cabinet id="cabinet1" prefix="dart" suffix="" 
				speed="3Gf" bw="56Gbps" lat="1us" radical="100-227"/>

			<cabinet id="cabinet1" prefix="master_host" suffix="" 
				speed="3Gf" bw="56Gbps" lat="1us" radical="0-0"/>

			<router  id="router1"/>
			<backbone id="backbone1" bandwidth="2.25GBps" latency="500us"/>
		</zone>
	</zone>
</platform>
