<?xml version='1.0'?>
<!DOCTYPE platform SYSTEM "http://simgrid.gforge.inria.fr/simgrid/simgrid.dtd">
<platform version="4.1">

<config id="General">
	<prop id="network/coordinates" value="yes"></prop>
	<!-- Reduce the size of the stack_size. On huge machine, if the stack is too big (8Mb by default), Simgrid fails to initiate.
	See http://lists.gforge.inria.fr/pipermail/simgrid-user/2015-June/003745.html-->
        <prop id="contexts/stack_size" value="16"></prop>
        <prop id="contexts/guard_size" value="0"></prop>
</config>

<zone id="AS0"  routing="Vivaldi">
    <host id="master_host" coordinates="0 0 0" speed="100Mf">
        <prop id="watt_per_state" value="100:200" />
        <prop id="watt_off" value="10" />
    </host>

    <!-- The state 3 of Mercury is a sleep state.
    When switching from a computing state to the state 3, passing by the virtual pstate 4 is mandatory to simulate the time and energy consumed by the switch off.
    When switching from the state 3 to a computing state, passing by the virtual pstate 5 is mandatory to simulate the time and energy consumed by the switch on.
     -->


    <host id="host0" coordinates="0 0 0" speed="100.0Mf, 1e-9Mf, 0.5f, 0.05f" pstate="0" >
        <prop id="watt_per_state" value="30.0:100.0, 9.75:9.75, 200.996721311:200.996721311, 425.1743849:425.1743849" />
        <prop id="watt_off" value="42" />
        <prop id="sleep_pstates" value="1:2:3" />
    </host>
    <host id="host1" coordinates="0 0 0" speed="100.0Mf, 1e-9Mf, 0.5f, 0.05f" pstate="0" >
        <prop id="watt_per_state" value="30.0:100.0, 9.75:9.75, 200.996721311:200.996721311, 425.1743849:425.1743849" />
        <prop id="watt_off" value="42" />
        <prop id="sleep_pstates" value="1:2:3" />
    </host>
    <host id="host2" coordinates="0 0 0" speed="100.0Mf, 1e-9Mf, 0.5f, 0.05f" pstate="0" >
        <prop id="watt_per_state" value="30.0:100.0, 9.75:9.75, 200.996721311:200.996721311, 425.1743849:425.1743849" />
        <prop id="watt_off" value="42" />
        <prop id="sleep_pstates" value="1:2:3" />
    </host>
    <host id="host3" coordinates="0 0 0" speed="100.0Mf, 1e-9Mf, 0.5f, 0.05f" pstate="0" >
        <prop id="watt_per_state" value="30.0:100.0, 9.75:9.75, 200.996721311:200.996721311, 425.1743849:425.1743849" />
        <prop id="watt_off" value="42" />
        <prop id="sleep_pstates" value="1:2:3" />
    </host>
    <host id="host4" coordinates="0 0 0" speed="100.0Mf, 1e-9Mf, 0.5f, 0.05f" pstate="0" >
        <prop id="watt_per_state" value="30.0:100.0, 9.75:9.75, 200.996721311:200.996721311, 425.1743849:425.1743849" />
        <prop id="watt_off" value="42" />
        <prop id="sleep_pstates" value="1:2:3" />
    </host>
    <host id="host5" coordinates="0 0 0" speed="100.0Mf, 1e-9Mf, 0.5f, 0.05f" pstate="0" >
        <prop id="watt_per_state" value="30.0:100.0, 9.75:9.75, 200.996721311:200.996721311, 425.1743849:425.1743849" />
        <prop id="watt_off" value="42" />
        <prop id="sleep_pstates" value="1:2:3" />
    </host>
    <host id="host6" coordinates="0 0 0" speed="100.0Mf, 1e-9Mf, 0.5f, 0.05f" pstate="0" >
        <prop id="watt_per_state" value="30.0:100.0, 9.75:9.75, 200.996721311:200.996721311, 425.1743849:425.1743849" />
        <prop id="watt_off" value="42" />
        <prop id="sleep_pstates" value="1:2:3" />
    </host>

</zone>
</platform>

