<?xml version='1.0'?>
<!DOCTYPE platform SYSTEM "http://simgrid.gforge.inria.fr/simgrid/simgrid.dtd">
<platform version="4.1">
<config id="General">
    <!-- Reduce the size of the stack_size. On huge machine, if the stack is too big (8Mb by default), Simgrid fails to initiate.
    See http://lists.gforge.inria.fr/pipermail/simgrid-user/2015-June/003745.html-->
        <prop id="contexts/stack_size" value="16"></prop>
        <prop id="contexts/guard_size" value="0"></prop>
</config>

<zone id="AS0" routing="Full">
    <host id="master_host" speed="98.095Mf"/>

    <host id="lcst_host" speed="76.296Mf">
         <prop id="excluded" value="true"/>
    </host>

    <host id="hpst_host" speed="76.296Mf">
         <prop id="capacity" value="500GB"/>
         <prop id="excluded" value="true"/>
    </host>

    <host id="host0" speed="48.492Mf"/>
    <host id="host1" speed="48.492Mf"/>
    <host id="host2" speed="48.492Mf"/>
    <host id="host3" speed="48.492Mf"/>
    <host id="host4" speed="48.492Mf"/>
    <host id="host5" speed="48.492Mf"/>
    <host id="host6" speed="48.492Mf"/>
    <host id="host7" speed="48.492Mf"/>
    <host id="host8" speed="48.492Mf"/>
    <host id="host9" speed="48.492Mf"/>
    <host id="host10" speed="48.492Mf"/>
    <host id="host11" speed="48.492Mf"/>
    <host id="host12" speed="48.492Mf"/>
    <host id="host13" speed="48.492Mf"/>
    <host id="host14" speed="48.492Mf"/>
    <host id="host15" speed="48.492Mf"/>
    <host id="host16" speed="48.492Mf"/>
    <host id="host17" speed="48.492Mf"/>
    <host id="host18" speed="48.492Mf"/>
    <host id="host19" speed="48.492Mf"/>
    <host id="host20" speed="48.492Mf"/>
    <host id="host21" speed="48.492Mf"/>
    <host id="host22" speed="48.492Mf"/>
    <host id="host23" speed="48.492Mf"/>
    <host id="host24" speed="48.492Mf"/>
    <host id="host25" speed="48.492Mf"/>
    <host id="host26" speed="48.492Mf"/>
    <host id="host27" speed="48.492Mf"/>
    <host id="host28" speed="48.492Mf"/>
    <host id="host29" speed="48.492Mf"/>
    <host id="host30" speed="48.492Mf"/>
    <host id="host31" speed="48.492Mf"/>

    <link id="hpst" bandwidth="50.618875MBps" latency="10.98us"/>
    <link id="lcst" bandwidth="3.618875MBps" latency="389.98us"/>
    <link id="lcst_hpst" bandwidth="15.618875MBps" latency="289.98us"/>
    <link id="loopback" bandwidth="498MBps" latency="15us" sharing_policy="FATPIPE"/>
    <link id="master_node" bandwidth="41.279125MBps" latency="59.904us"/>
    <link id="node_master" bandwidth="41.279125MBps" latency="59.904us"/>
    <link id="node_node1" bandwidth="41.279125MBps" latency="59.904us"/>
    <link id="node_node2" bandwidth="41.279125MBps" latency="59.904us"/>

    <route src="master_host" dst="master_host"><link_ctn id="loopback"/></route>
    <route src="lcst_host" dst="lcst_host"><link_ctn id="loopback"/></route>
    <route src="hpst_host" dst="hpst_host"><link_ctn id="loopback"/></route>

    <route src="lcst_host" dst="hpst_host"><link_ctn id="lcst_hpst"/></route>

    <route src="host0" dst="host0"><link_ctn id="loopback"/></route>
    <route src="host1" dst="host1"><link_ctn id="loopback"/></route>
    <route src="host2" dst="host2"><link_ctn id="loopback"/></route>
    <route src="host3" dst="host3"><link_ctn id="loopback"/></route>
    <route src="host4" dst="host4"><link_ctn id="loopback"/></route>
    <route src="host5" dst="host5"><link_ctn id="loopback"/></route>
    <route src="host6" dst="host6"><link_ctn id="loopback"/></route>
    <route src="host7" dst="host7"><link_ctn id="loopback"/></route>
    <route src="host8" dst="host8"><link_ctn id="loopback"/></route>
    <route src="host9" dst="host9"><link_ctn id="loopback"/></route>
    <route src="host10" dst="host10"><link_ctn id="loopback"/></route>
    <route src="host11" dst="host11"><link_ctn id="loopback"/></route>
    <route src="host12" dst="host12"><link_ctn id="loopback"/></route>
    <route src="host13" dst="host13"><link_ctn id="loopback"/></route>
    <route src="host14" dst="host14"><link_ctn id="loopback"/></route>
    <route src="host15" dst="host15"><link_ctn id="loopback"/></route>
    <route src="host16" dst="host16"><link_ctn id="loopback"/></route>
    <route src="host17" dst="host17"><link_ctn id="loopback"/></route>
    <route src="host18" dst="host18"><link_ctn id="loopback"/></route>
    <route src="host19" dst="host19"><link_ctn id="loopback"/></route>
    <route src="host20" dst="host20"><link_ctn id="loopback"/></route>
    <route src="host21" dst="host21"><link_ctn id="loopback"/></route>
    <route src="host22" dst="host22"><link_ctn id="loopback"/></route>
    <route src="host23" dst="host23"><link_ctn id="loopback"/></route>
    <route src="host24" dst="host24"><link_ctn id="loopback"/></route>
    <route src="host25" dst="host25"><link_ctn id="loopback"/></route>
    <route src="host26" dst="host26"><link_ctn id="loopback"/></route>
    <route src="host27" dst="host27"><link_ctn id="loopback"/></route>
    <route src="host28" dst="host28"><link_ctn id="loopback"/></route>
    <route src="host29" dst="host29"><link_ctn id="loopback"/></route>
    <route src="host30" dst="host30"><link_ctn id="loopback"/></route>
    <route src="host31" dst="host31"><link_ctn id="loopback"/></route>

    <route src="master_host" dst="host0"><link_ctn id="master_node"/><link_ctn id="node_master"/></route>
    <route src="master_host" dst="host1"><link_ctn id="master_node"/><link_ctn id="node_master"/></route>
    <route src="master_host" dst="host2"><link_ctn id="master_node"/><link_ctn id="node_master"/></route>
    <route src="master_host" dst="host3"><link_ctn id="master_node"/><link_ctn id="node_master"/></route>
    <route src="master_host" dst="host4"><link_ctn id="master_node"/><link_ctn id="node_master"/></route>
    <route src="master_host" dst="host5"><link_ctn id="master_node"/><link_ctn id="node_master"/></route>
    <route src="master_host" dst="host6"><link_ctn id="master_node"/><link_ctn id="node_master"/></route>
    <route src="master_host" dst="host7"><link_ctn id="master_node"/><link_ctn id="node_master"/></route>
    <route src="master_host" dst="host8"><link_ctn id="master_node"/><link_ctn id="node_master"/></route>
    <route src="master_host" dst="host9"><link_ctn id="master_node"/><link_ctn id="node_master"/></route>
    <route src="master_host" dst="host10"><link_ctn id="master_node"/><link_ctn id="node_master"/></route>
    <route src="master_host" dst="host11"><link_ctn id="master_node"/><link_ctn id="node_master"/></route>
    <route src="master_host" dst="host12"><link_ctn id="master_node"/><link_ctn id="node_master"/></route>
    <route src="master_host" dst="host13"><link_ctn id="master_node"/><link_ctn id="node_master"/></route>
    <route src="master_host" dst="host14"><link_ctn id="master_node"/><link_ctn id="node_master"/></route>
    <route src="master_host" dst="host15"><link_ctn id="master_node"/><link_ctn id="node_master"/></route>
    <route src="master_host" dst="host16"><link_ctn id="master_node"/><link_ctn id="node_master"/></route>
    <route src="master_host" dst="host17"><link_ctn id="master_node"/><link_ctn id="node_master"/></route>
    <route src="master_host" dst="host18"><link_ctn id="master_node"/><link_ctn id="node_master"/></route>
    <route src="master_host" dst="host19"><link_ctn id="master_node"/><link_ctn id="node_master"/></route>
    <route src="master_host" dst="host20"><link_ctn id="master_node"/><link_ctn id="node_master"/></route>
    <route src="master_host" dst="host21"><link_ctn id="master_node"/><link_ctn id="node_master"/></route>
    <route src="master_host" dst="host22"><link_ctn id="master_node"/><link_ctn id="node_master"/></route>
    <route src="master_host" dst="host23"><link_ctn id="master_node"/><link_ctn id="node_master"/></route>
    <route src="master_host" dst="host24"><link_ctn id="master_node"/><link_ctn id="node_master"/></route>
    <route src="master_host" dst="host25"><link_ctn id="master_node"/><link_ctn id="node_master"/></route>
    <route src="master_host" dst="host26"><link_ctn id="master_node"/><link_ctn id="node_master"/></route>
    <route src="master_host" dst="host27"><link_ctn id="master_node"/><link_ctn id="node_master"/></route>
    <route src="master_host" dst="host28"><link_ctn id="master_node"/><link_ctn id="node_master"/></route>
    <route src="master_host" dst="host29"><link_ctn id="master_node"/><link_ctn id="node_master"/></route>
    <route src="master_host" dst="host30"><link_ctn id="master_node"/><link_ctn id="node_master"/></route>
    <route src="master_host" dst="host31"><link_ctn id="master_node"/><link_ctn id="node_master"/></route>

    <route src="host0" dst="lcst_host"><link_ctn id="lcst"/></route>
    <route src="host1" dst="lcst_host"><link_ctn id="lcst"/></route>
    <route src="host2" dst="lcst_host"><link_ctn id="lcst"/></route>
    <route src="host3" dst="lcst_host"><link_ctn id="lcst"/></route>
    <route src="host4" dst="lcst_host"><link_ctn id="lcst"/></route>
    <route src="host5" dst="lcst_host"><link_ctn id="lcst"/></route>
    <route src="host6" dst="lcst_host"><link_ctn id="lcst"/></route>
    <route src="host7" dst="lcst_host"><link_ctn id="lcst"/></route>
    <route src="host8" dst="lcst_host"><link_ctn id="lcst"/></route>
    <route src="host9" dst="lcst_host"><link_ctn id="lcst"/></route>
    <route src="host10" dst="lcst_host"><link_ctn id="lcst"/></route>
    <route src="host11" dst="lcst_host"><link_ctn id="lcst"/></route>
    <route src="host12" dst="lcst_host"><link_ctn id="lcst"/></route>
    <route src="host13" dst="lcst_host"><link_ctn id="lcst"/></route>
    <route src="host14" dst="lcst_host"><link_ctn id="lcst"/></route>
    <route src="host15" dst="lcst_host"><link_ctn id="lcst"/></route>
    <route src="host16" dst="lcst_host"><link_ctn id="lcst"/></route>
    <route src="host17" dst="lcst_host"><link_ctn id="lcst"/></route>
    <route src="host18" dst="lcst_host"><link_ctn id="lcst"/></route>
    <route src="host19" dst="lcst_host"><link_ctn id="lcst"/></route>
    <route src="host20" dst="lcst_host"><link_ctn id="lcst"/></route>
    <route src="host21" dst="lcst_host"><link_ctn id="lcst"/></route>
    <route src="host22" dst="lcst_host"><link_ctn id="lcst"/></route>
    <route src="host23" dst="lcst_host"><link_ctn id="lcst"/></route>
    <route src="host24" dst="lcst_host"><link_ctn id="lcst"/></route>
    <route src="host25" dst="lcst_host"><link_ctn id="lcst"/></route>
    <route src="host26" dst="lcst_host"><link_ctn id="lcst"/></route>
    <route src="host27" dst="lcst_host"><link_ctn id="lcst"/></route>
    <route src="host28" dst="lcst_host"><link_ctn id="lcst"/></route>
    <route src="host29" dst="lcst_host"><link_ctn id="lcst"/></route>
    <route src="host30" dst="lcst_host"><link_ctn id="lcst"/></route>
    <route src="host31" dst="lcst_host"><link_ctn id="lcst"/></route>

    <route src="host0" dst="hpst_host"><link_ctn id="hpst"/></route>
    <route src="host1" dst="hpst_host"><link_ctn id="hpst"/></route>
    <route src="host2" dst="hpst_host"><link_ctn id="hpst"/></route>
    <route src="host3" dst="hpst_host"><link_ctn id="hpst"/></route>
    <route src="host4" dst="hpst_host"><link_ctn id="hpst"/></route>
    <route src="host5" dst="hpst_host"><link_ctn id="hpst"/></route>
    <route src="host6" dst="hpst_host"><link_ctn id="hpst"/></route>
    <route src="host7" dst="hpst_host"><link_ctn id="hpst"/></route>
    <route src="host8" dst="hpst_host"><link_ctn id="hpst"/></route>
    <route src="host9" dst="hpst_host"><link_ctn id="hpst"/></route>
    <route src="host10" dst="hpst_host"><link_ctn id="hpst"/></route>
    <route src="host11" dst="hpst_host"><link_ctn id="hpst"/></route>
    <route src="host12" dst="hpst_host"><link_ctn id="hpst"/></route>
    <route src="host13" dst="hpst_host"><link_ctn id="hpst"/></route>
    <route src="host14" dst="hpst_host"><link_ctn id="hpst"/></route>
    <route src="host15" dst="hpst_host"><link_ctn id="hpst"/></route>
    <route src="host16" dst="hpst_host"><link_ctn id="hpst"/></route>
    <route src="host17" dst="hpst_host"><link_ctn id="hpst"/></route>
    <route src="host18" dst="hpst_host"><link_ctn id="hpst"/></route>
    <route src="host19" dst="hpst_host"><link_ctn id="hpst"/></route>
    <route src="host20" dst="hpst_host"><link_ctn id="hpst"/></route>
    <route src="host21" dst="hpst_host"><link_ctn id="hpst"/></route>
    <route src="host22" dst="hpst_host"><link_ctn id="hpst"/></route>
    <route src="host23" dst="hpst_host"><link_ctn id="hpst"/></route>
    <route src="host24" dst="hpst_host"><link_ctn id="hpst"/></route>
    <route src="host25" dst="hpst_host"><link_ctn id="hpst"/></route>
    <route src="host26" dst="hpst_host"><link_ctn id="hpst"/></route>
    <route src="host27" dst="hpst_host"><link_ctn id="hpst"/></route>
    <route src="host28" dst="hpst_host"><link_ctn id="hpst"/></route>
    <route src="host29" dst="hpst_host"><link_ctn id="hpst"/></route>
    <route src="host30" dst="hpst_host"><link_ctn id="hpst"/></route>
    <route src="host31" dst="hpst_host"><link_ctn id="hpst"/></route>

    <route src="host0" dst="host1"><link_ctn id="node_node1"/><link_ctn id="node_node2"/></route>
    <route src="host0" dst="host2"><link_ctn id="node_node1"/><link_ctn id="node_node2"/></route>
    <route src="host0" dst="host3"><link_ctn id="node_node1"/><link_ctn id="node_node2"/></route>
    <route src="host0" dst="host4"><link_ctn id="node_node1"/><link_ctn id="node_node2"/></route>
    <route src="host0" dst="host5"><link_ctn id="node_node1"/><link_ctn id="node_node2"/></route>
    <route src="host0" dst="host6"><link_ctn id="node_node1"/><link_ctn id="node_node2"/></route>
    <route src="host0" dst="host7"><link_ctn id="node_node1"/><link_ctn id="node_node2"/></route>
    <route src="host0" dst="host8"><link_ctn id="node_node1"/><link_ctn id="node_node2"/></route>
    <route src="host0" dst="host9"><link_ctn id="node_node1"/><link_ctn id="node_node2"/></route>
    <route src="host0" dst="host10"><link_ctn id="node_node1"/><link_ctn id="node_node2"/></route>
    <route src="host0" dst="host11"><link_ctn id="node_node1"/><link_ctn id="node_node2"/></route>
    <route src="host0" dst="host12"><link_ctn id="node_node1"/><link_ctn id="node_node2"/></route>
    <route src="host0" dst="host13"><link_ctn id="node_node1"/><link_ctn id="node_node2"/></route>
    <route src="host0" dst="host14"><link_ctn id="node_node1"/><link_ctn id="node_node2"/></route>
    <route src="host0" dst="host15"><link_ctn id="node_node1"/><link_ctn id="node_node2"/></route>
    <route src="host0" dst="host16"><link_ctn id="node_node1"/><link_ctn id="node_node2"/></route>
    <route src="host0" dst="host17"><link_ctn id="node_node1"/><link_ctn id="node_node2"/></route>
    <route src="host0" dst="host18"><link_ctn id="node_node1"/><link_ctn id="node_node2"/></route>
    <route src="host0" dst="host19"><link_ctn id="node_node1"/><link_ctn id="node_node2"/></route>
    <route src="host0" dst="host20"><link_ctn id="node_node1"/><link_ctn id="node_node2"/></route>
    <route src="host0" dst="host21"><link_ctn id="node_node1"/><link_ctn id="node_node2"/></route>
    <route src="host0" dst="host22"><link_ctn id="node_node1"/><link_ctn id="node_node2"/></route>
    <route src="host0" dst="host23"><link_ctn id="node_node1"/><link_ctn id="node_node2"/></route>
    <route src="host0" dst="host24"><link_ctn id="node_node1"/><link_ctn id="node_node2"/></route>
    <route src="host0" dst="host25"><link_ctn id="node_node1"/><link_ctn id="node_node2"/></route>
    <route src="host0" dst="host26"><link_ctn id="node_node1"/><link_ctn id="node_node2"/></route>
    <route src="host0" dst="host27"><link_ctn id="node_node1"/><link_ctn id="node_node2"/></route>
    <route src="host0" dst="host28"><link_ctn id="node_node1"/><link_ctn id="node_node2"/></route>
    <route src="host0" dst="host29"><link_ctn id="node_node1"/><link_ctn id="node_node2"/></route>
    <route src="host0" dst="host30"><link_ctn id="node_node1"/><link_ctn id="node_node2"/></route>
    <route src="host0" dst="host31"><link_ctn id="node_node1"/><link_ctn id="node_node2"/></route>

    <route src="host1" dst="host2"><link_ctn id="node_node1"/><link_ctn id="node_node2"/></route>
    <route src="host1" dst="host3"><link_ctn id="node_node1"/><link_ctn id="node_node2"/></route>
    <route src="host1" dst="host4"><link_ctn id="node_node1"/><link_ctn id="node_node2"/></route>
    <route src="host1" dst="host5"><link_ctn id="node_node1"/><link_ctn id="node_node2"/></route>
    <route src="host1" dst="host6"><link_ctn id="node_node1"/><link_ctn id="node_node2"/></route>
    <route src="host1" dst="host7"><link_ctn id="node_node1"/><link_ctn id="node_node2"/></route>
    <route src="host1" dst="host8"><link_ctn id="node_node1"/><link_ctn id="node_node2"/></route>
    <route src="host1" dst="host9"><link_ctn id="node_node1"/><link_ctn id="node_node2"/></route>
    <route src="host1" dst="host10"><link_ctn id="node_node1"/><link_ctn id="node_node2"/></route>
    <route src="host1" dst="host11"><link_ctn id="node_node1"/><link_ctn id="node_node2"/></route>
    <route src="host1" dst="host12"><link_ctn id="node_node1"/><link_ctn id="node_node2"/></route>
    <route src="host1" dst="host13"><link_ctn id="node_node1"/><link_ctn id="node_node2"/></route>
    <route src="host1" dst="host14"><link_ctn id="node_node1"/><link_ctn id="node_node2"/></route>
    <route src="host1" dst="host15"><link_ctn id="node_node1"/><link_ctn id="node_node2"/></route>
    <route src="host1" dst="host16"><link_ctn id="node_node1"/><link_ctn id="node_node2"/></route>
    <route src="host1" dst="host17"><link_ctn id="node_node1"/><link_ctn id="node_node2"/></route>
    <route src="host1" dst="host18"><link_ctn id="node_node1"/><link_ctn id="node_node2"/></route>
    <route src="host1" dst="host19"><link_ctn id="node_node1"/><link_ctn id="node_node2"/></route>
    <route src="host1" dst="host20"><link_ctn id="node_node1"/><link_ctn id="node_node2"/></route>
    <route src="host1" dst="host21"><link_ctn id="node_node1"/><link_ctn id="node_node2"/></route>
    <route src="host1" dst="host22"><link_ctn id="node_node1"/><link_ctn id="node_node2"/></route>
    <route src="host1" dst="host23"><link_ctn id="node_node1"/><link_ctn id="node_node2"/></route>
    <route src="host1" dst="host24"><link_ctn id="node_node1"/><link_ctn id="node_node2"/></route>
    <route src="host1" dst="host25"><link_ctn id="node_node1"/><link_ctn id="node_node2"/></route>
    <route src="host1" dst="host26"><link_ctn id="node_node1"/><link_ctn id="node_node2"/></route>
    <route src="host1" dst="host27"><link_ctn id="node_node1"/><link_ctn id="node_node2"/></route>
    <route src="host1" dst="host28"><link_ctn id="node_node1"/><link_ctn id="node_node2"/></route>
    <route src="host1" dst="host29"><link_ctn id="node_node1"/><link_ctn id="node_node2"/></route>
    <route src="host1" dst="host30"><link_ctn id="node_node1"/><link_ctn id="node_node2"/></route>
    <route src="host1" dst="host31"><link_ctn id="node_node1"/><link_ctn id="node_node2"/></route>

    <route src="host2" dst="host3"><link_ctn id="node_node1"/><link_ctn id="node_node2"/></route>
    <route src="host2" dst="host4"><link_ctn id="node_node1"/><link_ctn id="node_node2"/></route>
    <route src="host2" dst="host5"><link_ctn id="node_node1"/><link_ctn id="node_node2"/></route>
    <route src="host2" dst="host6"><link_ctn id="node_node1"/><link_ctn id="node_node2"/></route>
    <route src="host2" dst="host7"><link_ctn id="node_node1"/><link_ctn id="node_node2"/></route>
    <route src="host2" dst="host8"><link_ctn id="node_node1"/><link_ctn id="node_node2"/></route>
    <route src="host2" dst="host9"><link_ctn id="node_node1"/><link_ctn id="node_node2"/></route>
    <route src="host2" dst="host10"><link_ctn id="node_node1"/><link_ctn id="node_node2"/></route>
    <route src="host2" dst="host11"><link_ctn id="node_node1"/><link_ctn id="node_node2"/></route>
    <route src="host2" dst="host12"><link_ctn id="node_node1"/><link_ctn id="node_node2"/></route>
    <route src="host2" dst="host13"><link_ctn id="node_node1"/><link_ctn id="node_node2"/></route>
    <route src="host2" dst="host14"><link_ctn id="node_node1"/><link_ctn id="node_node2"/></route>
    <route src="host2" dst="host15"><link_ctn id="node_node1"/><link_ctn id="node_node2"/></route>
    <route src="host2" dst="host16"><link_ctn id="node_node1"/><link_ctn id="node_node2"/></route>
    <route src="host2" dst="host17"><link_ctn id="node_node1"/><link_ctn id="node_node2"/></route>
    <route src="host2" dst="host18"><link_ctn id="node_node1"/><link_ctn id="node_node2"/></route>
    <route src="host2" dst="host19"><link_ctn id="node_node1"/><link_ctn id="node_node2"/></route>
    <route src="host2" dst="host20"><link_ctn id="node_node1"/><link_ctn id="node_node2"/></route>
    <route src="host2" dst="host21"><link_ctn id="node_node1"/><link_ctn id="node_node2"/></route>
    <route src="host2" dst="host22"><link_ctn id="node_node1"/><link_ctn id="node_node2"/></route>
    <route src="host2" dst="host23"><link_ctn id="node_node1"/><link_ctn id="node_node2"/></route>
    <route src="host2" dst="host24"><link_ctn id="node_node1"/><link_ctn id="node_node2"/></route>
    <route src="host2" dst="host25"><link_ctn id="node_node1"/><link_ctn id="node_node2"/></route>
    <route src="host2" dst="host26"><link_ctn id="node_node1"/><link_ctn id="node_node2"/></route>
    <route src="host2" dst="host27"><link_ctn id="node_node1"/><link_ctn id="node_node2"/></route>
    <route src="host2" dst="host28"><link_ctn id="node_node1"/><link_ctn id="node_node2"/></route>
    <route src="host2" dst="host29"><link_ctn id="node_node1"/><link_ctn id="node_node2"/></route>
    <route src="host2" dst="host30"><link_ctn id="node_node1"/><link_ctn id="node_node2"/></route>
    <route src="host2" dst="host31"><link_ctn id="node_node1"/><link_ctn id="node_node2"/></route>

    <route src="host3" dst="host4"><link_ctn id="node_node1"/><link_ctn id="node_node2"/></route>
    <route src="host3" dst="host5"><link_ctn id="node_node1"/><link_ctn id="node_node2"/></route>
    <route src="host3" dst="host6"><link_ctn id="node_node1"/><link_ctn id="node_node2"/></route>
    <route src="host3" dst="host7"><link_ctn id="node_node1"/><link_ctn id="node_node2"/></route>
    <route src="host3" dst="host8"><link_ctn id="node_node1"/><link_ctn id="node_node2"/></route>
    <route src="host3" dst="host9"><link_ctn id="node_node1"/><link_ctn id="node_node2"/></route>
    <route src="host3" dst="host10"><link_ctn id="node_node1"/><link_ctn id="node_node2"/></route>
    <route src="host3" dst="host11"><link_ctn id="node_node1"/><link_ctn id="node_node2"/></route>
    <route src="host3" dst="host12"><link_ctn id="node_node1"/><link_ctn id="node_node2"/></route>
    <route src="host3" dst="host13"><link_ctn id="node_node1"/><link_ctn id="node_node2"/></route>
    <route src="host3" dst="host14"><link_ctn id="node_node1"/><link_ctn id="node_node2"/></route>
    <route src="host3" dst="host15"><link_ctn id="node_node1"/><link_ctn id="node_node2"/></route>
    <route src="host3" dst="host16"><link_ctn id="node_node1"/><link_ctn id="node_node2"/></route>
    <route src="host3" dst="host17"><link_ctn id="node_node1"/><link_ctn id="node_node2"/></route>
    <route src="host3" dst="host18"><link_ctn id="node_node1"/><link_ctn id="node_node2"/></route>
    <route src="host3" dst="host19"><link_ctn id="node_node1"/><link_ctn id="node_node2"/></route>
    <route src="host3" dst="host20"><link_ctn id="node_node1"/><link_ctn id="node_node2"/></route>
    <route src="host3" dst="host21"><link_ctn id="node_node1"/><link_ctn id="node_node2"/></route>
    <route src="host3" dst="host22"><link_ctn id="node_node1"/><link_ctn id="node_node2"/></route>
    <route src="host3" dst="host23"><link_ctn id="node_node1"/><link_ctn id="node_node2"/></route>
    <route src="host3" dst="host24"><link_ctn id="node_node1"/><link_ctn id="node_node2"/></route>
    <route src="host3" dst="host25"><link_ctn id="node_node1"/><link_ctn id="node_node2"/></route>
    <route src="host3" dst="host26"><link_ctn id="node_node1"/><link_ctn id="node_node2"/></route>
    <route src="host3" dst="host27"><link_ctn id="node_node1"/><link_ctn id="node_node2"/></route>
    <route src="host3" dst="host28"><link_ctn id="node_node1"/><link_ctn id="node_node2"/></route>
    <route src="host3" dst="host29"><link_ctn id="node_node1"/><link_ctn id="node_node2"/></route>
    <route src="host3" dst="host30"><link_ctn id="node_node1"/><link_ctn id="node_node2"/></route>
    <route src="host3" dst="host31"><link_ctn id="node_node1"/><link_ctn id="node_node2"/></route>

    <route src="host4" dst="host5"><link_ctn id="node_node1"/><link_ctn id="node_node2"/></route>
    <route src="host4" dst="host6"><link_ctn id="node_node1"/><link_ctn id="node_node2"/></route>
    <route src="host4" dst="host7"><link_ctn id="node_node1"/><link_ctn id="node_node2"/></route>
    <route src="host4" dst="host8"><link_ctn id="node_node1"/><link_ctn id="node_node2"/></route>
    <route src="host4" dst="host9"><link_ctn id="node_node1"/><link_ctn id="node_node2"/></route>
    <route src="host4" dst="host10"><link_ctn id="node_node1"/><link_ctn id="node_node2"/></route>
    <route src="host4" dst="host11"><link_ctn id="node_node1"/><link_ctn id="node_node2"/></route>
    <route src="host4" dst="host12"><link_ctn id="node_node1"/><link_ctn id="node_node2"/></route>
    <route src="host4" dst="host13"><link_ctn id="node_node1"/><link_ctn id="node_node2"/></route>
    <route src="host4" dst="host14"><link_ctn id="node_node1"/><link_ctn id="node_node2"/></route>
    <route src="host4" dst="host15"><link_ctn id="node_node1"/><link_ctn id="node_node2"/></route>
    <route src="host4" dst="host16"><link_ctn id="node_node1"/><link_ctn id="node_node2"/></route>
    <route src="host4" dst="host17"><link_ctn id="node_node1"/><link_ctn id="node_node2"/></route>
    <route src="host4" dst="host18"><link_ctn id="node_node1"/><link_ctn id="node_node2"/></route>
    <route src="host4" dst="host19"><link_ctn id="node_node1"/><link_ctn id="node_node2"/></route>
    <route src="host4" dst="host20"><link_ctn id="node_node1"/><link_ctn id="node_node2"/></route>
    <route src="host4" dst="host21"><link_ctn id="node_node1"/><link_ctn id="node_node2"/></route>
    <route src="host4" dst="host22"><link_ctn id="node_node1"/><link_ctn id="node_node2"/></route>
    <route src="host4" dst="host23"><link_ctn id="node_node1"/><link_ctn id="node_node2"/></route>
    <route src="host4" dst="host24"><link_ctn id="node_node1"/><link_ctn id="node_node2"/></route>
    <route src="host4" dst="host25"><link_ctn id="node_node1"/><link_ctn id="node_node2"/></route>
    <route src="host4" dst="host26"><link_ctn id="node_node1"/><link_ctn id="node_node2"/></route>
    <route src="host4" dst="host27"><link_ctn id="node_node1"/><link_ctn id="node_node2"/></route>
    <route src="host4" dst="host28"><link_ctn id="node_node1"/><link_ctn id="node_node2"/></route>
    <route src="host4" dst="host29"><link_ctn id="node_node1"/><link_ctn id="node_node2"/></route>
    <route src="host4" dst="host30"><link_ctn id="node_node1"/><link_ctn id="node_node2"/></route>
    <route src="host4" dst="host31"><link_ctn id="node_node1"/><link_ctn id="node_node2"/></route>

    <route src="host5" dst="host6"><link_ctn id="node_node1"/><link_ctn id="node_node2"/></route>
    <route src="host5" dst="host7"><link_ctn id="node_node1"/><link_ctn id="node_node2"/></route>
    <route src="host5" dst="host8"><link_ctn id="node_node1"/><link_ctn id="node_node2"/></route>
    <route src="host5" dst="host9"><link_ctn id="node_node1"/><link_ctn id="node_node2"/></route>
    <route src="host5" dst="host10"><link_ctn id="node_node1"/><link_ctn id="node_node2"/></route>
    <route src="host5" dst="host11"><link_ctn id="node_node1"/><link_ctn id="node_node2"/></route>
    <route src="host5" dst="host12"><link_ctn id="node_node1"/><link_ctn id="node_node2"/></route>
    <route src="host5" dst="host13"><link_ctn id="node_node1"/><link_ctn id="node_node2"/></route>
    <route src="host5" dst="host14"><link_ctn id="node_node1"/><link_ctn id="node_node2"/></route>
    <route src="host5" dst="host15"><link_ctn id="node_node1"/><link_ctn id="node_node2"/></route>
    <route src="host5" dst="host16"><link_ctn id="node_node1"/><link_ctn id="node_node2"/></route>
    <route src="host5" dst="host17"><link_ctn id="node_node1"/><link_ctn id="node_node2"/></route>
    <route src="host5" dst="host18"><link_ctn id="node_node1"/><link_ctn id="node_node2"/></route>
    <route src="host5" dst="host19"><link_ctn id="node_node1"/><link_ctn id="node_node2"/></route>
    <route src="host5" dst="host20"><link_ctn id="node_node1"/><link_ctn id="node_node2"/></route>
    <route src="host5" dst="host21"><link_ctn id="node_node1"/><link_ctn id="node_node2"/></route>
    <route src="host5" dst="host22"><link_ctn id="node_node1"/><link_ctn id="node_node2"/></route>
    <route src="host5" dst="host23"><link_ctn id="node_node1"/><link_ctn id="node_node2"/></route>
    <route src="host5" dst="host24"><link_ctn id="node_node1"/><link_ctn id="node_node2"/></route>
    <route src="host5" dst="host25"><link_ctn id="node_node1"/><link_ctn id="node_node2"/></route>
    <route src="host5" dst="host26"><link_ctn id="node_node1"/><link_ctn id="node_node2"/></route>
    <route src="host5" dst="host27"><link_ctn id="node_node1"/><link_ctn id="node_node2"/></route>
    <route src="host5" dst="host28"><link_ctn id="node_node1"/><link_ctn id="node_node2"/></route>
    <route src="host5" dst="host29"><link_ctn id="node_node1"/><link_ctn id="node_node2"/></route>
    <route src="host5" dst="host30"><link_ctn id="node_node1"/><link_ctn id="node_node2"/></route>
    <route src="host5" dst="host31"><link_ctn id="node_node1"/><link_ctn id="node_node2"/></route>

    <route src="host6" dst="host7"><link_ctn id="node_node1"/><link_ctn id="node_node2"/></route>
    <route src="host6" dst="host8"><link_ctn id="node_node1"/><link_ctn id="node_node2"/></route>
    <route src="host6" dst="host9"><link_ctn id="node_node1"/><link_ctn id="node_node2"/></route>
    <route src="host6" dst="host10"><link_ctn id="node_node1"/><link_ctn id="node_node2"/></route>
    <route src="host6" dst="host11"><link_ctn id="node_node1"/><link_ctn id="node_node2"/></route>
    <route src="host6" dst="host12"><link_ctn id="node_node1"/><link_ctn id="node_node2"/></route>
    <route src="host6" dst="host13"><link_ctn id="node_node1"/><link_ctn id="node_node2"/></route>
    <route src="host6" dst="host14"><link_ctn id="node_node1"/><link_ctn id="node_node2"/></route>
    <route src="host6" dst="host15"><link_ctn id="node_node1"/><link_ctn id="node_node2"/></route>
    <route src="host6" dst="host16"><link_ctn id="node_node1"/><link_ctn id="node_node2"/></route>
    <route src="host6" dst="host17"><link_ctn id="node_node1"/><link_ctn id="node_node2"/></route>
    <route src="host6" dst="host18"><link_ctn id="node_node1"/><link_ctn id="node_node2"/></route>
    <route src="host6" dst="host19"><link_ctn id="node_node1"/><link_ctn id="node_node2"/></route>
    <route src="host6" dst="host20"><link_ctn id="node_node1"/><link_ctn id="node_node2"/></route>
    <route src="host6" dst="host21"><link_ctn id="node_node1"/><link_ctn id="node_node2"/></route>
    <route src="host6" dst="host22"><link_ctn id="node_node1"/><link_ctn id="node_node2"/></route>
    <route src="host6" dst="host23"><link_ctn id="node_node1"/><link_ctn id="node_node2"/></route>
    <route src="host6" dst="host24"><link_ctn id="node_node1"/><link_ctn id="node_node2"/></route>
    <route src="host6" dst="host25"><link_ctn id="node_node1"/><link_ctn id="node_node2"/></route>
    <route src="host6" dst="host26"><link_ctn id="node_node1"/><link_ctn id="node_node2"/></route>
    <route src="host6" dst="host27"><link_ctn id="node_node1"/><link_ctn id="node_node2"/></route>
    <route src="host6" dst="host28"><link_ctn id="node_node1"/><link_ctn id="node_node2"/></route>
    <route src="host6" dst="host29"><link_ctn id="node_node1"/><link_ctn id="node_node2"/></route>
    <route src="host6" dst="host30"><link_ctn id="node_node1"/><link_ctn id="node_node2"/></route>
    <route src="host6" dst="host31"><link_ctn id="node_node1"/><link_ctn id="node_node2"/></route>

    <route src="host7" dst="host8"><link_ctn id="node_node1"/><link_ctn id="node_node2"/></route>
    <route src="host7" dst="host9"><link_ctn id="node_node1"/><link_ctn id="node_node2"/></route>
    <route src="host7" dst="host10"><link_ctn id="node_node1"/><link_ctn id="node_node2"/></route>
    <route src="host7" dst="host11"><link_ctn id="node_node1"/><link_ctn id="node_node2"/></route>
    <route src="host7" dst="host12"><link_ctn id="node_node1"/><link_ctn id="node_node2"/></route>
    <route src="host7" dst="host13"><link_ctn id="node_node1"/><link_ctn id="node_node2"/></route>
    <route src="host7" dst="host14"><link_ctn id="node_node1"/><link_ctn id="node_node2"/></route>
    <route src="host7" dst="host15"><link_ctn id="node_node1"/><link_ctn id="node_node2"/></route>
    <route src="host7" dst="host16"><link_ctn id="node_node1"/><link_ctn id="node_node2"/></route>
    <route src="host7" dst="host17"><link_ctn id="node_node1"/><link_ctn id="node_node2"/></route>
    <route src="host7" dst="host18"><link_ctn id="node_node1"/><link_ctn id="node_node2"/></route>
    <route src="host7" dst="host19"><link_ctn id="node_node1"/><link_ctn id="node_node2"/></route>
    <route src="host7" dst="host20"><link_ctn id="node_node1"/><link_ctn id="node_node2"/></route>
    <route src="host7" dst="host21"><link_ctn id="node_node1"/><link_ctn id="node_node2"/></route>
    <route src="host7" dst="host22"><link_ctn id="node_node1"/><link_ctn id="node_node2"/></route>
    <route src="host7" dst="host23"><link_ctn id="node_node1"/><link_ctn id="node_node2"/></route>
    <route src="host7" dst="host24"><link_ctn id="node_node1"/><link_ctn id="node_node2"/></route>
    <route src="host7" dst="host25"><link_ctn id="node_node1"/><link_ctn id="node_node2"/></route>
    <route src="host7" dst="host26"><link_ctn id="node_node1"/><link_ctn id="node_node2"/></route>
    <route src="host7" dst="host27"><link_ctn id="node_node1"/><link_ctn id="node_node2"/></route>
    <route src="host7" dst="host28"><link_ctn id="node_node1"/><link_ctn id="node_node2"/></route>
    <route src="host7" dst="host29"><link_ctn id="node_node1"/><link_ctn id="node_node2"/></route>
    <route src="host7" dst="host30"><link_ctn id="node_node1"/><link_ctn id="node_node2"/></route>
    <route src="host7" dst="host31"><link_ctn id="node_node1"/><link_ctn id="node_node2"/></route>

    <route src="host8" dst="host9"><link_ctn id="node_node1"/><link_ctn id="node_node2"/></route>
    <route src="host8" dst="host10"><link_ctn id="node_node1"/><link_ctn id="node_node2"/></route>
    <route src="host8" dst="host11"><link_ctn id="node_node1"/><link_ctn id="node_node2"/></route>
    <route src="host8" dst="host12"><link_ctn id="node_node1"/><link_ctn id="node_node2"/></route>
    <route src="host8" dst="host13"><link_ctn id="node_node1"/><link_ctn id="node_node2"/></route>
    <route src="host8" dst="host14"><link_ctn id="node_node1"/><link_ctn id="node_node2"/></route>
    <route src="host8" dst="host15"><link_ctn id="node_node1"/><link_ctn id="node_node2"/></route>
    <route src="host8" dst="host16"><link_ctn id="node_node1"/><link_ctn id="node_node2"/></route>
    <route src="host8" dst="host17"><link_ctn id="node_node1"/><link_ctn id="node_node2"/></route>
    <route src="host8" dst="host18"><link_ctn id="node_node1"/><link_ctn id="node_node2"/></route>
    <route src="host8" dst="host19"><link_ctn id="node_node1"/><link_ctn id="node_node2"/></route>
    <route src="host8" dst="host20"><link_ctn id="node_node1"/><link_ctn id="node_node2"/></route>
    <route src="host8" dst="host21"><link_ctn id="node_node1"/><link_ctn id="node_node2"/></route>
    <route src="host8" dst="host22"><link_ctn id="node_node1"/><link_ctn id="node_node2"/></route>
    <route src="host8" dst="host23"><link_ctn id="node_node1"/><link_ctn id="node_node2"/></route>
    <route src="host8" dst="host24"><link_ctn id="node_node1"/><link_ctn id="node_node2"/></route>
    <route src="host8" dst="host25"><link_ctn id="node_node1"/><link_ctn id="node_node2"/></route>
    <route src="host8" dst="host26"><link_ctn id="node_node1"/><link_ctn id="node_node2"/></route>
    <route src="host8" dst="host27"><link_ctn id="node_node1"/><link_ctn id="node_node2"/></route>
    <route src="host8" dst="host28"><link_ctn id="node_node1"/><link_ctn id="node_node2"/></route>
    <route src="host8" dst="host29"><link_ctn id="node_node1"/><link_ctn id="node_node2"/></route>
    <route src="host8" dst="host30"><link_ctn id="node_node1"/><link_ctn id="node_node2"/></route>
    <route src="host8" dst="host31"><link_ctn id="node_node1"/><link_ctn id="node_node2"/></route>

    <route src="host9" dst="host10"><link_ctn id="node_node1"/><link_ctn id="node_node2"/></route>
    <route src="host9" dst="host11"><link_ctn id="node_node1"/><link_ctn id="node_node2"/></route>
    <route src="host9" dst="host12"><link_ctn id="node_node1"/><link_ctn id="node_node2"/></route>
    <route src="host9" dst="host13"><link_ctn id="node_node1"/><link_ctn id="node_node2"/></route>
    <route src="host9" dst="host14"><link_ctn id="node_node1"/><link_ctn id="node_node2"/></route>
    <route src="host9" dst="host15"><link_ctn id="node_node1"/><link_ctn id="node_node2"/></route>
    <route src="host9" dst="host16"><link_ctn id="node_node1"/><link_ctn id="node_node2"/></route>
    <route src="host9" dst="host17"><link_ctn id="node_node1"/><link_ctn id="node_node2"/></route>
    <route src="host9" dst="host18"><link_ctn id="node_node1"/><link_ctn id="node_node2"/></route>
    <route src="host9" dst="host19"><link_ctn id="node_node1"/><link_ctn id="node_node2"/></route>
    <route src="host9" dst="host20"><link_ctn id="node_node1"/><link_ctn id="node_node2"/></route>
    <route src="host9" dst="host21"><link_ctn id="node_node1"/><link_ctn id="node_node2"/></route>
    <route src="host9" dst="host22"><link_ctn id="node_node1"/><link_ctn id="node_node2"/></route>
    <route src="host9" dst="host23"><link_ctn id="node_node1"/><link_ctn id="node_node2"/></route>
    <route src="host9" dst="host24"><link_ctn id="node_node1"/><link_ctn id="node_node2"/></route>
    <route src="host9" dst="host25"><link_ctn id="node_node1"/><link_ctn id="node_node2"/></route>
    <route src="host9" dst="host26"><link_ctn id="node_node1"/><link_ctn id="node_node2"/></route>
    <route src="host9" dst="host27"><link_ctn id="node_node1"/><link_ctn id="node_node2"/></route>
    <route src="host9" dst="host28"><link_ctn id="node_node1"/><link_ctn id="node_node2"/></route>
    <route src="host9" dst="host29"><link_ctn id="node_node1"/><link_ctn id="node_node2"/></route>
    <route src="host9" dst="host30"><link_ctn id="node_node1"/><link_ctn id="node_node2"/></route>
    <route src="host9" dst="host31"><link_ctn id="node_node1"/><link_ctn id="node_node2"/></route>

    <route src="host10" dst="host11"><link_ctn id="node_node1"/><link_ctn id="node_node2"/></route>
    <route src="host10" dst="host12"><link_ctn id="node_node1"/><link_ctn id="node_node2"/></route>
    <route src="host10" dst="host13"><link_ctn id="node_node1"/><link_ctn id="node_node2"/></route>
    <route src="host10" dst="host14"><link_ctn id="node_node1"/><link_ctn id="node_node2"/></route>
    <route src="host10" dst="host15"><link_ctn id="node_node1"/><link_ctn id="node_node2"/></route>
    <route src="host10" dst="host16"><link_ctn id="node_node1"/><link_ctn id="node_node2"/></route>
    <route src="host10" dst="host17"><link_ctn id="node_node1"/><link_ctn id="node_node2"/></route>
    <route src="host10" dst="host18"><link_ctn id="node_node1"/><link_ctn id="node_node2"/></route>
    <route src="host10" dst="host19"><link_ctn id="node_node1"/><link_ctn id="node_node2"/></route>
    <route src="host10" dst="host20"><link_ctn id="node_node1"/><link_ctn id="node_node2"/></route>
    <route src="host10" dst="host21"><link_ctn id="node_node1"/><link_ctn id="node_node2"/></route>
    <route src="host10" dst="host22"><link_ctn id="node_node1"/><link_ctn id="node_node2"/></route>
    <route src="host10" dst="host23"><link_ctn id="node_node1"/><link_ctn id="node_node2"/></route>
    <route src="host10" dst="host24"><link_ctn id="node_node1"/><link_ctn id="node_node2"/></route>
    <route src="host10" dst="host25"><link_ctn id="node_node1"/><link_ctn id="node_node2"/></route>
    <route src="host10" dst="host26"><link_ctn id="node_node1"/><link_ctn id="node_node2"/></route>
    <route src="host10" dst="host27"><link_ctn id="node_node1"/><link_ctn id="node_node2"/></route>
    <route src="host10" dst="host28"><link_ctn id="node_node1"/><link_ctn id="node_node2"/></route>
    <route src="host10" dst="host29"><link_ctn id="node_node1"/><link_ctn id="node_node2"/></route>
    <route src="host10" dst="host30"><link_ctn id="node_node1"/><link_ctn id="node_node2"/></route>
    <route src="host10" dst="host31"><link_ctn id="node_node1"/><link_ctn id="node_node2"/></route>

    <route src="host11" dst="host12"><link_ctn id="node_node1"/><link_ctn id="node_node2"/></route>
    <route src="host11" dst="host13"><link_ctn id="node_node1"/><link_ctn id="node_node2"/></route>
    <route src="host11" dst="host14"><link_ctn id="node_node1"/><link_ctn id="node_node2"/></route>
    <route src="host11" dst="host15"><link_ctn id="node_node1"/><link_ctn id="node_node2"/></route>
    <route src="host11" dst="host16"><link_ctn id="node_node1"/><link_ctn id="node_node2"/></route>
    <route src="host11" dst="host17"><link_ctn id="node_node1"/><link_ctn id="node_node2"/></route>
    <route src="host11" dst="host18"><link_ctn id="node_node1"/><link_ctn id="node_node2"/></route>
    <route src="host11" dst="host19"><link_ctn id="node_node1"/><link_ctn id="node_node2"/></route>
    <route src="host11" dst="host20"><link_ctn id="node_node1"/><link_ctn id="node_node2"/></route>
    <route src="host11" dst="host21"><link_ctn id="node_node1"/><link_ctn id="node_node2"/></route>
    <route src="host11" dst="host22"><link_ctn id="node_node1"/><link_ctn id="node_node2"/></route>
    <route src="host11" dst="host23"><link_ctn id="node_node1"/><link_ctn id="node_node2"/></route>
    <route src="host11" dst="host24"><link_ctn id="node_node1"/><link_ctn id="node_node2"/></route>
    <route src="host11" dst="host25"><link_ctn id="node_node1"/><link_ctn id="node_node2"/></route>
    <route src="host11" dst="host26"><link_ctn id="node_node1"/><link_ctn id="node_node2"/></route>
    <route src="host11" dst="host27"><link_ctn id="node_node1"/><link_ctn id="node_node2"/></route>
    <route src="host11" dst="host28"><link_ctn id="node_node1"/><link_ctn id="node_node2"/></route>
    <route src="host11" dst="host29"><link_ctn id="node_node1"/><link_ctn id="node_node2"/></route>
    <route src="host11" dst="host30"><link_ctn id="node_node1"/><link_ctn id="node_node2"/></route>
    <route src="host11" dst="host31"><link_ctn id="node_node1"/><link_ctn id="node_node2"/></route>

    <route src="host12" dst="host13"><link_ctn id="node_node1"/><link_ctn id="node_node2"/></route>
    <route src="host12" dst="host14"><link_ctn id="node_node1"/><link_ctn id="node_node2"/></route>
    <route src="host12" dst="host15"><link_ctn id="node_node1"/><link_ctn id="node_node2"/></route>
    <route src="host12" dst="host16"><link_ctn id="node_node1"/><link_ctn id="node_node2"/></route>
    <route src="host12" dst="host17"><link_ctn id="node_node1"/><link_ctn id="node_node2"/></route>
    <route src="host12" dst="host18"><link_ctn id="node_node1"/><link_ctn id="node_node2"/></route>
    <route src="host12" dst="host19"><link_ctn id="node_node1"/><link_ctn id="node_node2"/></route>
    <route src="host12" dst="host20"><link_ctn id="node_node1"/><link_ctn id="node_node2"/></route>
    <route src="host12" dst="host21"><link_ctn id="node_node1"/><link_ctn id="node_node2"/></route>
    <route src="host12" dst="host22"><link_ctn id="node_node1"/><link_ctn id="node_node2"/></route>
    <route src="host12" dst="host23"><link_ctn id="node_node1"/><link_ctn id="node_node2"/></route>
    <route src="host12" dst="host24"><link_ctn id="node_node1"/><link_ctn id="node_node2"/></route>
    <route src="host12" dst="host25"><link_ctn id="node_node1"/><link_ctn id="node_node2"/></route>
    <route src="host12" dst="host26"><link_ctn id="node_node1"/><link_ctn id="node_node2"/></route>
    <route src="host12" dst="host27"><link_ctn id="node_node1"/><link_ctn id="node_node2"/></route>
    <route src="host12" dst="host28"><link_ctn id="node_node1"/><link_ctn id="node_node2"/></route>
    <route src="host12" dst="host29"><link_ctn id="node_node1"/><link_ctn id="node_node2"/></route>
    <route src="host12" dst="host30"><link_ctn id="node_node1"/><link_ctn id="node_node2"/></route>
    <route src="host12" dst="host31"><link_ctn id="node_node1"/><link_ctn id="node_node2"/></route>

    <route src="host13" dst="host14"><link_ctn id="node_node1"/><link_ctn id="node_node2"/></route>
    <route src="host13" dst="host15"><link_ctn id="node_node1"/><link_ctn id="node_node2"/></route>
    <route src="host13" dst="host16"><link_ctn id="node_node1"/><link_ctn id="node_node2"/></route>
    <route src="host13" dst="host17"><link_ctn id="node_node1"/><link_ctn id="node_node2"/></route>
    <route src="host13" dst="host18"><link_ctn id="node_node1"/><link_ctn id="node_node2"/></route>
    <route src="host13" dst="host19"><link_ctn id="node_node1"/><link_ctn id="node_node2"/></route>
    <route src="host13" dst="host20"><link_ctn id="node_node1"/><link_ctn id="node_node2"/></route>
    <route src="host13" dst="host21"><link_ctn id="node_node1"/><link_ctn id="node_node2"/></route>
    <route src="host13" dst="host22"><link_ctn id="node_node1"/><link_ctn id="node_node2"/></route>
    <route src="host13" dst="host23"><link_ctn id="node_node1"/><link_ctn id="node_node2"/></route>
    <route src="host13" dst="host24"><link_ctn id="node_node1"/><link_ctn id="node_node2"/></route>
    <route src="host13" dst="host25"><link_ctn id="node_node1"/><link_ctn id="node_node2"/></route>
    <route src="host13" dst="host26"><link_ctn id="node_node1"/><link_ctn id="node_node2"/></route>
    <route src="host13" dst="host27"><link_ctn id="node_node1"/><link_ctn id="node_node2"/></route>
    <route src="host13" dst="host28"><link_ctn id="node_node1"/><link_ctn id="node_node2"/></route>
    <route src="host13" dst="host29"><link_ctn id="node_node1"/><link_ctn id="node_node2"/></route>
    <route src="host13" dst="host30"><link_ctn id="node_node1"/><link_ctn id="node_node2"/></route>
    <route src="host13" dst="host31"><link_ctn id="node_node1"/><link_ctn id="node_node2"/></route>

    <route src="host14" dst="host15"><link_ctn id="node_node1"/><link_ctn id="node_node2"/></route>
    <route src="host14" dst="host16"><link_ctn id="node_node1"/><link_ctn id="node_node2"/></route>
    <route src="host14" dst="host17"><link_ctn id="node_node1"/><link_ctn id="node_node2"/></route>
    <route src="host14" dst="host18"><link_ctn id="node_node1"/><link_ctn id="node_node2"/></route>
    <route src="host14" dst="host19"><link_ctn id="node_node1"/><link_ctn id="node_node2"/></route>
    <route src="host14" dst="host20"><link_ctn id="node_node1"/><link_ctn id="node_node2"/></route>
    <route src="host14" dst="host21"><link_ctn id="node_node1"/><link_ctn id="node_node2"/></route>
    <route src="host14" dst="host22"><link_ctn id="node_node1"/><link_ctn id="node_node2"/></route>
    <route src="host14" dst="host23"><link_ctn id="node_node1"/><link_ctn id="node_node2"/></route>
    <route src="host14" dst="host24"><link_ctn id="node_node1"/><link_ctn id="node_node2"/></route>
    <route src="host14" dst="host25"><link_ctn id="node_node1"/><link_ctn id="node_node2"/></route>
    <route src="host14" dst="host26"><link_ctn id="node_node1"/><link_ctn id="node_node2"/></route>
    <route src="host14" dst="host27"><link_ctn id="node_node1"/><link_ctn id="node_node2"/></route>
    <route src="host14" dst="host28"><link_ctn id="node_node1"/><link_ctn id="node_node2"/></route>
    <route src="host14" dst="host29"><link_ctn id="node_node1"/><link_ctn id="node_node2"/></route>
    <route src="host14" dst="host30"><link_ctn id="node_node1"/><link_ctn id="node_node2"/></route>
    <route src="host14" dst="host31"><link_ctn id="node_node1"/><link_ctn id="node_node2"/></route>

    <route src="host15" dst="host16"><link_ctn id="node_node1"/><link_ctn id="node_node2"/></route>
    <route src="host15" dst="host17"><link_ctn id="node_node1"/><link_ctn id="node_node2"/></route>
    <route src="host15" dst="host18"><link_ctn id="node_node1"/><link_ctn id="node_node2"/></route>
    <route src="host15" dst="host19"><link_ctn id="node_node1"/><link_ctn id="node_node2"/></route>
    <route src="host15" dst="host20"><link_ctn id="node_node1"/><link_ctn id="node_node2"/></route>
    <route src="host15" dst="host21"><link_ctn id="node_node1"/><link_ctn id="node_node2"/></route>
    <route src="host15" dst="host22"><link_ctn id="node_node1"/><link_ctn id="node_node2"/></route>
    <route src="host15" dst="host23"><link_ctn id="node_node1"/><link_ctn id="node_node2"/></route>
    <route src="host15" dst="host24"><link_ctn id="node_node1"/><link_ctn id="node_node2"/></route>
    <route src="host15" dst="host25"><link_ctn id="node_node1"/><link_ctn id="node_node2"/></route>
    <route src="host15" dst="host26"><link_ctn id="node_node1"/><link_ctn id="node_node2"/></route>
    <route src="host15" dst="host27"><link_ctn id="node_node1"/><link_ctn id="node_node2"/></route>
    <route src="host15" dst="host28"><link_ctn id="node_node1"/><link_ctn id="node_node2"/></route>
    <route src="host15" dst="host29"><link_ctn id="node_node1"/><link_ctn id="node_node2"/></route>
    <route src="host15" dst="host30"><link_ctn id="node_node1"/><link_ctn id="node_node2"/></route>
    <route src="host15" dst="host31"><link_ctn id="node_node1"/><link_ctn id="node_node2"/></route>

    <route src="host16" dst="host17"><link_ctn id="node_node1"/><link_ctn id="node_node2"/></route>
    <route src="host16" dst="host18"><link_ctn id="node_node1"/><link_ctn id="node_node2"/></route>
    <route src="host16" dst="host19"><link_ctn id="node_node1"/><link_ctn id="node_node2"/></route>
    <route src="host16" dst="host20"><link_ctn id="node_node1"/><link_ctn id="node_node2"/></route>
    <route src="host16" dst="host21"><link_ctn id="node_node1"/><link_ctn id="node_node2"/></route>
    <route src="host16" dst="host22"><link_ctn id="node_node1"/><link_ctn id="node_node2"/></route>
    <route src="host16" dst="host23"><link_ctn id="node_node1"/><link_ctn id="node_node2"/></route>
    <route src="host16" dst="host24"><link_ctn id="node_node1"/><link_ctn id="node_node2"/></route>
    <route src="host16" dst="host25"><link_ctn id="node_node1"/><link_ctn id="node_node2"/></route>
    <route src="host16" dst="host26"><link_ctn id="node_node1"/><link_ctn id="node_node2"/></route>
    <route src="host16" dst="host27"><link_ctn id="node_node1"/><link_ctn id="node_node2"/></route>
    <route src="host16" dst="host28"><link_ctn id="node_node1"/><link_ctn id="node_node2"/></route>
    <route src="host16" dst="host29"><link_ctn id="node_node1"/><link_ctn id="node_node2"/></route>
    <route src="host16" dst="host30"><link_ctn id="node_node1"/><link_ctn id="node_node2"/></route>
    <route src="host16" dst="host31"><link_ctn id="node_node1"/><link_ctn id="node_node2"/></route>

    <route src="host17" dst="host18"><link_ctn id="node_node1"/><link_ctn id="node_node2"/></route>
    <route src="host17" dst="host19"><link_ctn id="node_node1"/><link_ctn id="node_node2"/></route>
    <route src="host17" dst="host20"><link_ctn id="node_node1"/><link_ctn id="node_node2"/></route>
    <route src="host17" dst="host21"><link_ctn id="node_node1"/><link_ctn id="node_node2"/></route>
    <route src="host17" dst="host22"><link_ctn id="node_node1"/><link_ctn id="node_node2"/></route>
    <route src="host17" dst="host23"><link_ctn id="node_node1"/><link_ctn id="node_node2"/></route>
    <route src="host17" dst="host24"><link_ctn id="node_node1"/><link_ctn id="node_node2"/></route>
    <route src="host17" dst="host25"><link_ctn id="node_node1"/><link_ctn id="node_node2"/></route>
    <route src="host17" dst="host26"><link_ctn id="node_node1"/><link_ctn id="node_node2"/></route>
    <route src="host17" dst="host27"><link_ctn id="node_node1"/><link_ctn id="node_node2"/></route>
    <route src="host17" dst="host28"><link_ctn id="node_node1"/><link_ctn id="node_node2"/></route>
    <route src="host17" dst="host29"><link_ctn id="node_node1"/><link_ctn id="node_node2"/></route>
    <route src="host17" dst="host30"><link_ctn id="node_node1"/><link_ctn id="node_node2"/></route>
    <route src="host17" dst="host31"><link_ctn id="node_node1"/><link_ctn id="node_node2"/></route>

    <route src="host18" dst="host19"><link_ctn id="node_node1"/><link_ctn id="node_node2"/></route>
    <route src="host18" dst="host20"><link_ctn id="node_node1"/><link_ctn id="node_node2"/></route>
    <route src="host18" dst="host21"><link_ctn id="node_node1"/><link_ctn id="node_node2"/></route>
    <route src="host18" dst="host22"><link_ctn id="node_node1"/><link_ctn id="node_node2"/></route>
    <route src="host18" dst="host23"><link_ctn id="node_node1"/><link_ctn id="node_node2"/></route>
    <route src="host18" dst="host24"><link_ctn id="node_node1"/><link_ctn id="node_node2"/></route>
    <route src="host18" dst="host25"><link_ctn id="node_node1"/><link_ctn id="node_node2"/></route>
    <route src="host18" dst="host26"><link_ctn id="node_node1"/><link_ctn id="node_node2"/></route>
    <route src="host18" dst="host27"><link_ctn id="node_node1"/><link_ctn id="node_node2"/></route>
    <route src="host18" dst="host28"><link_ctn id="node_node1"/><link_ctn id="node_node2"/></route>
    <route src="host18" dst="host29"><link_ctn id="node_node1"/><link_ctn id="node_node2"/></route>
    <route src="host18" dst="host30"><link_ctn id="node_node1"/><link_ctn id="node_node2"/></route>
    <route src="host18" dst="host31"><link_ctn id="node_node1"/><link_ctn id="node_node2"/></route>

    <route src="host19" dst="host20"><link_ctn id="node_node1"/><link_ctn id="node_node2"/></route>
    <route src="host19" dst="host21"><link_ctn id="node_node1"/><link_ctn id="node_node2"/></route>
    <route src="host19" dst="host22"><link_ctn id="node_node1"/><link_ctn id="node_node2"/></route>
    <route src="host19" dst="host23"><link_ctn id="node_node1"/><link_ctn id="node_node2"/></route>
    <route src="host19" dst="host24"><link_ctn id="node_node1"/><link_ctn id="node_node2"/></route>
    <route src="host19" dst="host25"><link_ctn id="node_node1"/><link_ctn id="node_node2"/></route>
    <route src="host19" dst="host26"><link_ctn id="node_node1"/><link_ctn id="node_node2"/></route>
    <route src="host19" dst="host27"><link_ctn id="node_node1"/><link_ctn id="node_node2"/></route>
    <route src="host19" dst="host28"><link_ctn id="node_node1"/><link_ctn id="node_node2"/></route>
    <route src="host19" dst="host29"><link_ctn id="node_node1"/><link_ctn id="node_node2"/></route>
    <route src="host19" dst="host30"><link_ctn id="node_node1"/><link_ctn id="node_node2"/></route>
    <route src="host19" dst="host31"><link_ctn id="node_node1"/><link_ctn id="node_node2"/></route>

    <route src="host20" dst="host21"><link_ctn id="node_node1"/><link_ctn id="node_node2"/></route>
    <route src="host20" dst="host22"><link_ctn id="node_node1"/><link_ctn id="node_node2"/></route>
    <route src="host20" dst="host23"><link_ctn id="node_node1"/><link_ctn id="node_node2"/></route>
    <route src="host20" dst="host24"><link_ctn id="node_node1"/><link_ctn id="node_node2"/></route>
    <route src="host20" dst="host25"><link_ctn id="node_node1"/><link_ctn id="node_node2"/></route>
    <route src="host20" dst="host26"><link_ctn id="node_node1"/><link_ctn id="node_node2"/></route>
    <route src="host20" dst="host27"><link_ctn id="node_node1"/><link_ctn id="node_node2"/></route>
    <route src="host20" dst="host28"><link_ctn id="node_node1"/><link_ctn id="node_node2"/></route>
    <route src="host20" dst="host29"><link_ctn id="node_node1"/><link_ctn id="node_node2"/></route>
    <route src="host20" dst="host30"><link_ctn id="node_node1"/><link_ctn id="node_node2"/></route>
    <route src="host20" dst="host31"><link_ctn id="node_node1"/><link_ctn id="node_node2"/></route>

    <route src="host21" dst="host22"><link_ctn id="node_node1"/><link_ctn id="node_node2"/></route>
    <route src="host21" dst="host23"><link_ctn id="node_node1"/><link_ctn id="node_node2"/></route>
    <route src="host21" dst="host24"><link_ctn id="node_node1"/><link_ctn id="node_node2"/></route>
    <route src="host21" dst="host25"><link_ctn id="node_node1"/><link_ctn id="node_node2"/></route>
    <route src="host21" dst="host26"><link_ctn id="node_node1"/><link_ctn id="node_node2"/></route>
    <route src="host21" dst="host27"><link_ctn id="node_node1"/><link_ctn id="node_node2"/></route>
    <route src="host21" dst="host28"><link_ctn id="node_node1"/><link_ctn id="node_node2"/></route>
    <route src="host21" dst="host29"><link_ctn id="node_node1"/><link_ctn id="node_node2"/></route>
    <route src="host21" dst="host30"><link_ctn id="node_node1"/><link_ctn id="node_node2"/></route>
    <route src="host21" dst="host31"><link_ctn id="node_node1"/><link_ctn id="node_node2"/></route>

    <route src="host22" dst="host23"><link_ctn id="node_node1"/><link_ctn id="node_node2"/></route>
    <route src="host22" dst="host24"><link_ctn id="node_node1"/><link_ctn id="node_node2"/></route>
    <route src="host22" dst="host25"><link_ctn id="node_node1"/><link_ctn id="node_node2"/></route>
    <route src="host22" dst="host26"><link_ctn id="node_node1"/><link_ctn id="node_node2"/></route>
    <route src="host22" dst="host27"><link_ctn id="node_node1"/><link_ctn id="node_node2"/></route>
    <route src="host22" dst="host28"><link_ctn id="node_node1"/><link_ctn id="node_node2"/></route>
    <route src="host22" dst="host29"><link_ctn id="node_node1"/><link_ctn id="node_node2"/></route>
    <route src="host22" dst="host30"><link_ctn id="node_node1"/><link_ctn id="node_node2"/></route>
    <route src="host22" dst="host31"><link_ctn id="node_node1"/><link_ctn id="node_node2"/></route>

    <route src="host23" dst="host24"><link_ctn id="node_node1"/><link_ctn id="node_node2"/></route>
    <route src="host23" dst="host25"><link_ctn id="node_node1"/><link_ctn id="node_node2"/></route>
    <route src="host23" dst="host26"><link_ctn id="node_node1"/><link_ctn id="node_node2"/></route>
    <route src="host23" dst="host27"><link_ctn id="node_node1"/><link_ctn id="node_node2"/></route>
    <route src="host23" dst="host28"><link_ctn id="node_node1"/><link_ctn id="node_node2"/></route>
    <route src="host23" dst="host29"><link_ctn id="node_node1"/><link_ctn id="node_node2"/></route>
    <route src="host23" dst="host30"><link_ctn id="node_node1"/><link_ctn id="node_node2"/></route>
    <route src="host23" dst="host31"><link_ctn id="node_node1"/><link_ctn id="node_node2"/></route>

    <route src="host24" dst="host25"><link_ctn id="node_node1"/><link_ctn id="node_node2"/></route>
    <route src="host24" dst="host26"><link_ctn id="node_node1"/><link_ctn id="node_node2"/></route>
    <route src="host24" dst="host27"><link_ctn id="node_node1"/><link_ctn id="node_node2"/></route>
    <route src="host24" dst="host28"><link_ctn id="node_node1"/><link_ctn id="node_node2"/></route>
    <route src="host24" dst="host29"><link_ctn id="node_node1"/><link_ctn id="node_node2"/></route>
    <route src="host24" dst="host30"><link_ctn id="node_node1"/><link_ctn id="node_node2"/></route>
    <route src="host24" dst="host31"><link_ctn id="node_node1"/><link_ctn id="node_node2"/></route>

    <route src="host25" dst="host26"><link_ctn id="node_node1"/><link_ctn id="node_node2"/></route>
    <route src="host25" dst="host27"><link_ctn id="node_node1"/><link_ctn id="node_node2"/></route>
    <route src="host25" dst="host28"><link_ctn id="node_node1"/><link_ctn id="node_node2"/></route>
    <route src="host25" dst="host29"><link_ctn id="node_node1"/><link_ctn id="node_node2"/></route>
    <route src="host25" dst="host30"><link_ctn id="node_node1"/><link_ctn id="node_node2"/></route>
    <route src="host25" dst="host31"><link_ctn id="node_node1"/><link_ctn id="node_node2"/></route>

    <route src="host26" dst="host27"><link_ctn id="node_node1"/><link_ctn id="node_node2"/></route>
    <route src="host26" dst="host28"><link_ctn id="node_node1"/><link_ctn id="node_node2"/></route>
    <route src="host26" dst="host29"><link_ctn id="node_node1"/><link_ctn id="node_node2"/></route>
    <route src="host26" dst="host30"><link_ctn id="node_node1"/><link_ctn id="node_node2"/></route>
    <route src="host26" dst="host31"><link_ctn id="node_node1"/><link_ctn id="node_node2"/></route>

    <route src="host27" dst="host28"><link_ctn id="node_node1"/><link_ctn id="node_node2"/></route>
    <route src="host27" dst="host29"><link_ctn id="node_node1"/><link_ctn id="node_node2"/></route>
    <route src="host27" dst="host30"><link_ctn id="node_node1"/><link_ctn id="node_node2"/></route>
    <route src="host27" dst="host31"><link_ctn id="node_node1"/><link_ctn id="node_node2"/></route>

    <route src="host28" dst="host29"><link_ctn id="node_node1"/><link_ctn id="node_node2"/></route>
    <route src="host28" dst="host30"><link_ctn id="node_node1"/><link_ctn id="node_node2"/></route>
    <route src="host28" dst="host31"><link_ctn id="node_node1"/><link_ctn id="node_node2"/></route>

    <route src="host29" dst="host30"><link_ctn id="node_node1"/><link_ctn id="node_node2"/></route>
    <route src="host29" dst="host31"><link_ctn id="node_node1"/><link_ctn id="node_node2"/></route>

    <route src="host30" dst="host31"><link_ctn id="node_node1"/><link_ctn id="node_node2"/></route>
</zone>
</platform>
