{
    "command": "./json_workload_generator.py core_level_NPB_profile.json workloads/workload_hpc_seed2_jobs250.json 128 --indent 4 --random_seed 2 --job_number 250 --job_log_size_sigma 0.4 --job_iarrival_lambda 40 --job_iarrival_k 1 --maximum_power_of_two 7",
    "date": "2017-06-06 13:26:47.105611",
    "description": "Namespace(indent=4, inputJSON=<_io.TextIOWrapper name='core_level_NPB_profile.json' mode='r' encoding='UTF-8'>, job_iarrival_k=1.0, job_iarrival_lambda=40.0, job_log_size_mu=1, job_log_size_sigma=0.4, job_number=250, maximum_job_length=None, maximum_power_of_two=7, minimum_power_of_two=2, outputJSON=<_io.TextIOWrapper name='workloads/workload_hpc_seed2_jobs250.json' mode='w' encoding='UTF-8'>, random_seed=2, resourcesNumber=128, serial_job_probability=0.25)",
    "jobs": [
        {
            "id": 0,
            "profile": "ft.E.128",
            "res": 128,
            "subtime": 11.591814693888887,
            "walltime": 600
        },
        {
            "id": 1,
            "profile": "lu.C.16",
            "res": 16,
            "subtime": 130.94038437909003,
            "walltime": 200
        },
        {
            "id": 2,
            "profile": "ft.D.8",
            "res": 8,
            "subtime": 223.529848354158,
            "walltime": 300
        },
        {
            "id": 3,
            "profile": "ft.D.16",
            "res": 16,
            "subtime": 318.86001597086744,
            "walltime": 200
        },
        {
            "id": 4,
            "profile": "ft.C.4",
            "res": 4,
            "subtime": 351.7456614393306,
            "walltime": 200
        },
        {
            "id": 5,
            "profile": "lu.B.4",
            "res": 4,
            "subtime": 369.57786293022957,
            "walltime": 200
        },
        {
            "id": 6,
            "profile": "ft.D.8",
            "res": 8,
            "subtime": 433.31255675535994,
            "walltime": 300
        },
        {
            "id": 7,
            "profile": "is.D.64",
            "res": 64,
            "subtime": 451.28211382705115,
            "walltime": 200
        },
        {
            "id": 8,
            "profile": "ft.D.16",
            "res": 16,
            "subtime": 501.5139420842806,
            "walltime": 200
        },
        {
            "id": 9,
            "profile": "ft.D.8",
            "res": 8,
            "subtime": 514.6042604386088,
            "walltime": 300
        },
        {
            "id": 10,
            "profile": "ft.D.8",
            "res": 8,
            "subtime": 557.9554459723331,
            "walltime": 300
        },
        {
            "id": 11,
            "profile": "ft.D.4",
            "res": 4,
            "subtime": 591.5013346249787,
            "walltime": 200
        },
        {
            "id": 12,
            "profile": "ft.D.8",
            "res": 8,
            "subtime": 658.9289730585446,
            "walltime": 300
        },
        {
            "id": 13,
            "profile": "ft.D.16",
            "res": 16,
            "subtime": 673.7462022385442,
            "walltime": 200
        },
        {
            "id": 14,
            "profile": "ft.D.8",
            "res": 8,
            "subtime": 688.6958100061283,
            "walltime": 300
        },
        {
            "id": 15,
            "profile": "lu.B.4",
            "res": 4,
            "subtime": 727.7443494730276,
            "walltime": 200
        },
        {
            "id": 16,
            "profile": "ft.C.4",
            "res": 4,
            "subtime": 783.9014719624519,
            "walltime": 200
        },
        {
            "id": 17,
            "profile": "ft.C.4",
            "res": 4,
            "subtime": 898.8994168101597,
            "walltime": 200
        },
        {
            "id": 18,
            "profile": "ft.D.8",
            "res": 8,
            "subtime": 906.4433530344876,
            "walltime": 300
        },
        {
            "id": 19,
            "profile": "ft.C.8",
            "res": 8,
            "subtime": 907.4702100011972,
            "walltime": 300
        },
        {
            "id": 20,
            "profile": "lu.B.4",
            "res": 4,
            "subtime": 907.5477351718921,
            "walltime": 200
        },
        {
            "id": 21,
            "profile": "ft.C.16",
            "res": 16,
            "subtime": 914.115376887279,
            "walltime": 200
        },
        {
            "id": 22,
            "profile": "lu.B.4",
            "res": 4,
            "subtime": 953.6436352869566,
            "walltime": 200
        },
        {
            "id": 23,
            "profile": "ft.D.8",
            "res": 8,
            "subtime": 954.8954549978129,
            "walltime": 300
        },
        {
            "id": 24,
            "profile": "lu.B.4",
            "res": 4,
            "subtime": 956.7695800741708,
            "walltime": 200
        },
        {
            "id": 25,
            "profile": "lu.B.4",
            "res": 4,
            "subtime": 1005.6476030286082,
            "walltime": 200
        },
        {
            "id": 26,
            "profile": "ft.D.8",
            "res": 8,
            "subtime": 1078.5532023349579,
            "walltime": 300
        },
        {
            "id": 27,
            "profile": "ft.E.32",
            "res": 32,
            "subtime": 1105.2462773453472,
            "walltime": 2400
        },
        {
            "id": 28,
            "profile": "ft.D.4",
            "res": 4,
            "subtime": 1147.6197820981713,
            "walltime": 200
        },
        {
            "id": 29,
            "profile": "ft.C.8",
            "res": 8,
            "subtime": 1154.6494330040616,
            "walltime": 300
        },
        {
            "id": 30,
            "profile": "ft.C.16",
            "res": 16,
            "subtime": 1362.9536573505668,
            "walltime": 200
        },
        {
            "id": 31,
            "profile": "ft.D.4",
            "res": 4,
            "subtime": 1366.3075876132582,
            "walltime": 200
        },
        {
            "id": 32,
            "profile": "ft.D.8",
            "res": 8,
            "subtime": 1379.3776523995407,
            "walltime": 300
        },
        {
            "id": 33,
            "profile": "ft.D.8",
            "res": 8,
            "subtime": 1400.3967105800168,
            "walltime": 300
        },
        {
            "id": 34,
            "profile": "ft.C.4",
            "res": 4,
            "subtime": 1455.9422256085625,
            "walltime": 200
        },
        {
            "id": 35,
            "profile": "ft.D.8",
            "res": 8,
            "subtime": 1465.4953492337306,
            "walltime": 300
        },
        {
            "id": 36,
            "profile": "lu.C.16",
            "res": 16,
            "subtime": 1466.3574787733814,
            "walltime": 200
        },
        {
            "id": 37,
            "profile": "is.D.32",
            "res": 32,
            "subtime": 1501.185420778105,
            "walltime": 200
        },
        {
            "id": 38,
            "profile": "ft.C.8",
            "res": 8,
            "subtime": 1538.9021389157367,
            "walltime": 300
        },
        {
            "id": 39,
            "profile": "lu.B.4",
            "res": 4,
            "subtime": 1560.1605750163342,
            "walltime": 200
        },
        {
            "id": 40,
            "profile": "lu.B.4",
            "res": 4,
            "subtime": 1629.9694933147348,
            "walltime": 200
        },
        {
            "id": 41,
            "profile": "ft.C.8",
            "res": 8,
            "subtime": 1630.183193047395,
            "walltime": 300
        },
        {
            "id": 42,
            "profile": "lu.B.4",
            "res": 4,
            "subtime": 1633.3686608673013,
            "walltime": 200
        },
        {
            "id": 43,
            "profile": "ft.D.8",
            "res": 8,
            "subtime": 1653.2574694984048,
            "walltime": 300
        },
        {
            "id": 44,
            "profile": "ft.D.4",
            "res": 4,
            "subtime": 1740.7177619250454,
            "walltime": 200
        },
        {
            "id": 45,
            "profile": "lu.B.4",
            "res": 4,
            "subtime": 1816.621465494834,
            "walltime": 200
        },
        {
            "id": 46,
            "profile": "lu.C.16",
            "res": 16,
            "subtime": 1865.5617676056456,
            "walltime": 200
        },
        {
            "id": 47,
            "profile": "ft.D.4",
            "res": 4,
            "subtime": 1895.4493265865399,
            "walltime": 200
        },
        {
            "id": 48,
            "profile": "ft.D.4",
            "res": 4,
            "subtime": 2003.0109245739725,
            "walltime": 200
        },
        {
            "id": 49,
            "profile": "ft.C.16",
            "res": 16,
            "subtime": 2009.8139751192448,
            "walltime": 200
        },
        {
            "id": 50,
            "profile": "ft.C.8",
            "res": 8,
            "subtime": 2045.0799427149584,
            "walltime": 300
        },
        {
            "id": 51,
            "profile": "ft.D.8",
            "res": 8,
            "subtime": 2052.8298571226765,
            "walltime": 300
        },
        {
            "id": 52,
            "profile": "ft.C.8",
            "res": 8,
            "subtime": 2116.9224933655846,
            "walltime": 300
        },
        {
            "id": 53,
            "profile": "is.D.32",
            "res": 32,
            "subtime": 2161.3578637684896,
            "walltime": 200
        },
        {
            "id": 54,
            "profile": "ft.D.8",
            "res": 8,
            "subtime": 2166.1123703600924,
            "walltime": 300
        },
        {
            "id": 55,
            "profile": "ft.E.32",
            "res": 32,
            "subtime": 2170.156242257158,
            "walltime": 2400
        },
        {
            "id": 56,
            "profile": "ft.D.8",
            "res": 8,
            "subtime": 2177.588511107735,
            "walltime": 300
        },
        {
            "id": 57,
            "profile": "lu.B.4",
            "res": 4,
            "subtime": 2183.843671938874,
            "walltime": 200
        },
        {
            "id": 58,
            "profile": "ft.D.8",
            "res": 8,
            "subtime": 2269.264687495438,
            "walltime": 300
        },
        {
            "id": 59,
            "profile": "ft.D.4",
            "res": 4,
            "subtime": 2282.0701510604567,
            "walltime": 200
        },
        {
            "id": 60,
            "profile": "ft.D.4",
            "res": 4,
            "subtime": 2412.8531454381473,
            "walltime": 200
        },
        {
            "id": 61,
            "profile": "lu.B.4",
            "res": 4,
            "subtime": 2416.2499118781134,
            "walltime": 200
        },
        {
            "id": 62,
            "profile": "is.D.64",
            "res": 64,
            "subtime": 2436.864942591244,
            "walltime": 200
        },
        {
            "id": 63,
            "profile": "ft.D.4",
            "res": 4,
            "subtime": 2478.8675468442116,
            "walltime": 200
        },
        {
            "id": 64,
            "profile": "is.D.64",
            "res": 64,
            "subtime": 2498.6383605065244,
            "walltime": 200
        },
        {
            "id": 65,
            "profile": "ft.D.8",
            "res": 8,
            "subtime": 2553.179881773716,
            "walltime": 300
        },
        {
            "id": 66,
            "profile": "ft.C.8",
            "res": 8,
            "subtime": 2553.5207016787376,
            "walltime": 300
        },
        {
            "id": 67,
            "profile": "ft.C.8",
            "res": 8,
            "subtime": 2578.6965764222455,
            "walltime": 300
        },
        {
            "id": 68,
            "profile": "ft.C.8",
            "res": 8,
            "subtime": 2634.9025508071613,
            "walltime": 300
        },
        {
            "id": 69,
            "profile": "ft.D.8",
            "res": 8,
            "subtime": 2659.498598000431,
            "walltime": 300
        },
        {
            "id": 70,
            "profile": "ft.C.16",
            "res": 16,
            "subtime": 2697.5218570818474,
            "walltime": 200
        },
        {
            "id": 71,
            "profile": "ft.D.4",
            "res": 4,
            "subtime": 2709.312427837209,
            "walltime": 200
        },
        {
            "id": 72,
            "profile": "is.D.32",
            "res": 32,
            "subtime": 2715.107459349783,
            "walltime": 200
        },
        {
            "id": 73,
            "profile": "ft.D.4",
            "res": 4,
            "subtime": 2760.1481361365272,
            "walltime": 200
        },
        {
            "id": 74,
            "profile": "ft.D.4",
            "res": 4,
            "subtime": 2896.493647520402,
            "walltime": 200
        },
        {
            "id": 75,
            "profile": "ft.D.4",
            "res": 4,
            "subtime": 2929.72627629158,
            "walltime": 200
        },
        {
            "id": 76,
            "profile": "ft.D.8",
            "res": 8,
            "subtime": 2932.918926099613,
            "walltime": 300
        },
        {
            "id": 77,
            "profile": "lu.C.16",
            "res": 16,
            "subtime": 3051.489625121069,
            "walltime": 200
        },
        {
            "id": 78,
            "profile": "lu.B.4",
            "res": 4,
            "subtime": 3124.9694649358225,
            "walltime": 200
        },
        {
            "id": 79,
            "profile": "ft.C.4",
            "res": 4,
            "subtime": 3188.9222207968405,
            "walltime": 200
        },
        {
            "id": 80,
            "profile": "ft.C.8",
            "res": 8,
            "subtime": 3308.418045859863,
            "walltime": 300
        },
        {
            "id": 81,
            "profile": "ft.C.8",
            "res": 8,
            "subtime": 3434.9884784743354,
            "walltime": 300
        },
        {
            "id": 82,
            "profile": "ft.D.4",
            "res": 4,
            "subtime": 3452.5958577114357,
            "walltime": 200
        },
        {
            "id": 83,
            "profile": "ft.D.4",
            "res": 4,
            "subtime": 3475.9323534770515,
            "walltime": 200
        },
        {
            "id": 84,
            "profile": "is.D.32",
            "res": 32,
            "subtime": 3485.6613113258854,
            "walltime": 200
        },
        {
            "id": 85,
            "profile": "ft.C.4",
            "res": 4,
            "subtime": 3510.9727701055567,
            "walltime": 200
        },
        {
            "id": 86,
            "profile": "ft.C.4",
            "res": 4,
            "subtime": 3521.592484580139,
            "walltime": 200
        },
        {
            "id": 87,
            "profile": "ft.E.32",
            "res": 32,
            "subtime": 3587.705762145565,
            "walltime": 2400
        },
        {
            "id": 88,
            "profile": "ft.D.8",
            "res": 8,
            "subtime": 3641.9844912681174,
            "walltime": 300
        },
        {
            "id": 89,
            "profile": "lu.C.16",
            "res": 16,
            "subtime": 3682.5178550353467,
            "walltime": 200
        },
        {
            "id": 90,
            "profile": "ft.D.4",
            "res": 4,
            "subtime": 3690.2017855235863,
            "walltime": 200
        },
        {
            "id": 91,
            "profile": "ft.D.16",
            "res": 16,
            "subtime": 3693.873130982034,
            "walltime": 200
        },
        {
            "id": 92,
            "profile": "ft.D.16",
            "res": 16,
            "subtime": 3699.308473673447,
            "walltime": 200
        },
        {
            "id": 93,
            "profile": "ft.D.4",
            "res": 4,
            "subtime": 3702.515118888977,
            "walltime": 200
        },
        {
            "id": 94,
            "profile": "ft.D.8",
            "res": 8,
            "subtime": 3743.1381322321204,
            "walltime": 300
        },
        {
            "id": 95,
            "profile": "ft.D.4",
            "res": 4,
            "subtime": 3747.1329527602156,
            "walltime": 200
        },
        {
            "id": 96,
            "profile": "ft.D.4",
            "res": 4,
            "subtime": 3753.2295214570668,
            "walltime": 200
        },
        {
            "id": 97,
            "profile": "ft.C.4",
            "res": 4,
            "subtime": 3764.5495841993084,
            "walltime": 200
        },
        {
            "id": 98,
            "profile": "ft.D.4",
            "res": 4,
            "subtime": 3877.150144475424,
            "walltime": 200
        },
        {
            "id": 99,
            "profile": "ft.C.16",
            "res": 16,
            "subtime": 3884.965113067019,
            "walltime": 200
        },
        {
            "id": 100,
            "profile": "ft.D.4",
            "res": 4,
            "subtime": 3890.664236592574,
            "walltime": 200
        },
        {
            "id": 101,
            "profile": "ft.D.8",
            "res": 8,
            "subtime": 3932.4517366352907,
            "walltime": 300
        },
        {
            "id": 102,
            "profile": "ft.D.16",
            "res": 16,
            "subtime": 3963.9176425680207,
            "walltime": 200
        },
        {
            "id": 103,
            "profile": "ft.D.8",
            "res": 8,
            "subtime": 4144.058671348252,
            "walltime": 300
        },
        {
            "id": 104,
            "profile": "ft.D.16",
            "res": 16,
            "subtime": 4163.568826925858,
            "walltime": 200
        },
        {
            "id": 105,
            "profile": "ft.D.4",
            "res": 4,
            "subtime": 4377.617728466651,
            "walltime": 200
        },
        {
            "id": 106,
            "profile": "lu.B.4",
            "res": 4,
            "subtime": 4377.973120611105,
            "walltime": 200
        },
        {
            "id": 107,
            "profile": "ft.C.4",
            "res": 4,
            "subtime": 4378.98337636131,
            "walltime": 200
        },
        {
            "id": 108,
            "profile": "ft.D.4",
            "res": 4,
            "subtime": 4390.041274653474,
            "walltime": 200
        },
        {
            "id": 109,
            "profile": "ft.C.8",
            "res": 8,
            "subtime": 4437.63782590396,
            "walltime": 300
        },
        {
            "id": 110,
            "profile": "ft.C.8",
            "res": 8,
            "subtime": 4506.687615239403,
            "walltime": 300
        },
        {
            "id": 111,
            "profile": "ft.C.8",
            "res": 8,
            "subtime": 4512.718958770373,
            "walltime": 300
        },
        {
            "id": 112,
            "profile": "ft.C.8",
            "res": 8,
            "subtime": 4524.050630351716,
            "walltime": 300
        },
        {
            "id": 113,
            "profile": "lu.B.4",
            "res": 4,
            "subtime": 4533.74455159974,
            "walltime": 200
        },
        {
            "id": 114,
            "profile": "ft.D.4",
            "res": 4,
            "subtime": 4627.557922952852,
            "walltime": 200
        },
        {
            "id": 115,
            "profile": "lu.C.16",
            "res": 16,
            "subtime": 4634.675015995689,
            "walltime": 200
        },
        {
            "id": 116,
            "profile": "ft.D.8",
            "res": 8,
            "subtime": 4643.695484188002,
            "walltime": 300
        },
        {
            "id": 117,
            "profile": "ft.C.4",
            "res": 4,
            "subtime": 4664.005753236635,
            "walltime": 200
        },
        {
            "id": 118,
            "profile": "ft.D.8",
            "res": 8,
            "subtime": 4693.984476397438,
            "walltime": 300
        },
        {
            "id": 119,
            "profile": "ft.D.8",
            "res": 8,
            "subtime": 4742.557394323639,
            "walltime": 300
        },
        {
            "id": 120,
            "profile": "ft.C.16",
            "res": 16,
            "subtime": 4779.4050546456665,
            "walltime": 200
        },
        {
            "id": 121,
            "profile": "ft.D.8",
            "res": 8,
            "subtime": 4814.084406837156,
            "walltime": 300
        },
        {
            "id": 122,
            "profile": "lu.C.16",
            "res": 16,
            "subtime": 4826.264558437093,
            "walltime": 200
        },
        {
            "id": 123,
            "profile": "lu.C.16",
            "res": 16,
            "subtime": 4885.440020043764,
            "walltime": 200
        },
        {
            "id": 124,
            "profile": "ft.C.8",
            "res": 8,
            "subtime": 5119.751957110415,
            "walltime": 300
        },
        {
            "id": 125,
            "profile": "ft.D.32",
            "res": 32,
            "subtime": 5126.6096809154005,
            "walltime": 2400
        },
        {
            "id": 126,
            "profile": "ft.C.16",
            "res": 16,
            "subtime": 5147.8975581021905,
            "walltime": 200
        },
        {
            "id": 127,
            "profile": "ft.D.4",
            "res": 4,
            "subtime": 5162.01726893538,
            "walltime": 200
        },
        {
            "id": 128,
            "profile": "is.D.32",
            "res": 32,
            "subtime": 5174.728672066291,
            "walltime": 200
        },
        {
            "id": 129,
            "profile": "ft.D.16",
            "res": 16,
            "subtime": 5186.852744034224,
            "walltime": 200
        },
        {
            "id": 130,
            "profile": "lu.C.16",
            "res": 16,
            "subtime": 5289.831988502593,
            "walltime": 200
        },
        {
            "id": 131,
            "profile": "ft.E.32",
            "res": 32,
            "subtime": 5371.887827951066,
            "walltime": 2400
        },
        {
            "id": 132,
            "profile": "is.D.32",
            "res": 32,
            "subtime": 5383.64006779056,
            "walltime": 200
        },
        {
            "id": 133,
            "profile": "ft.C.4",
            "res": 4,
            "subtime": 5439.949133698164,
            "walltime": 200
        },
        {
            "id": 134,
            "profile": "ft.C.16",
            "res": 16,
            "subtime": 5447.422795763456,
            "walltime": 200
        },
        {
            "id": 135,
            "profile": "ft.D.32",
            "res": 32,
            "subtime": 5505.956662143063,
            "walltime": 2400
        },
        {
            "id": 136,
            "profile": "ft.C.8",
            "res": 8,
            "subtime": 5551.8040164536005,
            "walltime": 300
        },
        {
            "id": 137,
            "profile": "ft.D.4",
            "res": 4,
            "subtime": 5555.934420313334,
            "walltime": 200
        },
        {
            "id": 138,
            "profile": "ft.D.8",
            "res": 8,
            "subtime": 5625.117301107204,
            "walltime": 300
        },
        {
            "id": 139,
            "profile": "lu.B.4",
            "res": 4,
            "subtime": 5625.854291856066,
            "walltime": 200
        },
        {
            "id": 140,
            "profile": "ft.C.8",
            "res": 8,
            "subtime": 5632.937022833459,
            "walltime": 300
        },
        {
            "id": 141,
            "profile": "is.D.32",
            "res": 32,
            "subtime": 5668.424882598245,
            "walltime": 200
        },
        {
            "id": 142,
            "profile": "is.D.64",
            "res": 64,
            "subtime": 5694.48985009639,
            "walltime": 200
        },
        {
            "id": 143,
            "profile": "lu.C.16",
            "res": 16,
            "subtime": 5708.71771332983,
            "walltime": 200
        },
        {
            "id": 144,
            "profile": "is.D.32",
            "res": 32,
            "subtime": 5728.614485049908,
            "walltime": 200
        },
        {
            "id": 145,
            "profile": "lu.B.4",
            "res": 4,
            "subtime": 5731.170207222927,
            "walltime": 200
        },
        {
            "id": 146,
            "profile": "ft.D.8",
            "res": 8,
            "subtime": 5800.7720492330955,
            "walltime": 300
        },
        {
            "id": 147,
            "profile": "ft.D.4",
            "res": 4,
            "subtime": 5826.528302786414,
            "walltime": 200
        },
        {
            "id": 148,
            "profile": "ft.C.4",
            "res": 4,
            "subtime": 5828.789463243116,
            "walltime": 200
        },
        {
            "id": 149,
            "profile": "ft.C.8",
            "res": 8,
            "subtime": 5831.002531226527,
            "walltime": 300
        },
        {
            "id": 150,
            "profile": "ft.D.8",
            "res": 8,
            "subtime": 5835.260445013169,
            "walltime": 300
        },
        {
            "id": 151,
            "profile": "ft.D.8",
            "res": 8,
            "subtime": 5870.044501146156,
            "walltime": 300
        },
        {
            "id": 152,
            "profile": "ft.D.32",
            "res": 32,
            "subtime": 5883.165832853109,
            "walltime": 2400
        },
        {
            "id": 153,
            "profile": "ft.C.8",
            "res": 8,
            "subtime": 5914.0269765315115,
            "walltime": 300
        },
        {
            "id": 154,
            "profile": "ft.C.8",
            "res": 8,
            "subtime": 5955.05853918556,
            "walltime": 300
        },
        {
            "id": 155,
            "profile": "ft.C.8",
            "res": 8,
            "subtime": 5978.065284931854,
            "walltime": 300
        },
        {
            "id": 156,
            "profile": "lu.B.4",
            "res": 4,
            "subtime": 5990.561085363085,
            "walltime": 200
        },
        {
            "id": 157,
            "profile": "ft.D.32",
            "res": 32,
            "subtime": 6027.814573638128,
            "walltime": 2400
        },
        {
            "id": 158,
            "profile": "ft.D.16",
            "res": 16,
            "subtime": 6056.29422312709,
            "walltime": 200
        },
        {
            "id": 159,
            "profile": "ft.D.8",
            "res": 8,
            "subtime": 6078.68180614711,
            "walltime": 300
        },
        {
            "id": 160,
            "profile": "lu.B.4",
            "res": 4,
            "subtime": 6080.522913114281,
            "walltime": 200
        },
        {
            "id": 161,
            "profile": "ft.E.32",
            "res": 32,
            "subtime": 6081.326199908178,
            "walltime": 2400
        },
        {
            "id": 162,
            "profile": "ft.D.32",
            "res": 32,
            "subtime": 6101.949146199433,
            "walltime": 2400
        },
        {
            "id": 163,
            "profile": "ft.C.8",
            "res": 8,
            "subtime": 6133.903381965409,
            "walltime": 300
        },
        {
            "id": 164,
            "profile": "ft.D.8",
            "res": 8,
            "subtime": 6156.183434591806,
            "walltime": 300
        },
        {
            "id": 165,
            "profile": "ft.C.8",
            "res": 8,
            "subtime": 6180.816511327825,
            "walltime": 300
        },
        {
            "id": 166,
            "profile": "ft.D.8",
            "res": 8,
            "subtime": 6297.582936747089,
            "walltime": 300
        },
        {
            "id": 167,
            "profile": "lu.C.16",
            "res": 16,
            "subtime": 6321.201564004242,
            "walltime": 200
        },
        {
            "id": 168,
            "profile": "ft.D.4",
            "res": 4,
            "subtime": 6327.497285472083,
            "walltime": 200
        },
        {
            "id": 169,
            "profile": "ft.C.4",
            "res": 4,
            "subtime": 6368.123805458367,
            "walltime": 200
        },
        {
            "id": 170,
            "profile": "ft.D.8",
            "res": 8,
            "subtime": 6393.521495672431,
            "walltime": 300
        },
        {
            "id": 171,
            "profile": "ft.C.4",
            "res": 4,
            "subtime": 6410.951054898438,
            "walltime": 200
        },
        {
            "id": 172,
            "profile": "ft.D.8",
            "res": 8,
            "subtime": 6449.816940487073,
            "walltime": 300
        },
        {
            "id": 173,
            "profile": "ft.C.4",
            "res": 4,
            "subtime": 6593.876274040978,
            "walltime": 200
        },
        {
            "id": 174,
            "profile": "ft.D.8",
            "res": 8,
            "subtime": 6605.230659422774,
            "walltime": 300
        },
        {
            "id": 175,
            "profile": "ft.D.8",
            "res": 8,
            "subtime": 6700.414494191549,
            "walltime": 300
        },
        {
            "id": 176,
            "profile": "ft.D.4",
            "res": 4,
            "subtime": 6722.191201467559,
            "walltime": 200
        },
        {
            "id": 177,
            "profile": "ft.D.8",
            "res": 8,
            "subtime": 6727.176036229368,
            "walltime": 300
        },
        {
            "id": 178,
            "profile": "ft.D.8",
            "res": 8,
            "subtime": 6730.955229907829,
            "walltime": 300
        },
        {
            "id": 179,
            "profile": "ft.E.128",
            "res": 128,
            "subtime": 6769.270200534075,
            "walltime": 600
        },
        {
            "id": 180,
            "profile": "ft.E.32",
            "res": 32,
            "subtime": 6867.070133809923,
            "walltime": 2400
        },
        {
            "id": 181,
            "profile": "ft.C.8",
            "res": 8,
            "subtime": 6910.763775486282,
            "walltime": 300
        },
        {
            "id": 182,
            "profile": "ft.D.8",
            "res": 8,
            "subtime": 6960.044933431285,
            "walltime": 300
        },
        {
            "id": 183,
            "profile": "ft.D.8",
            "res": 8,
            "subtime": 7057.130089179097,
            "walltime": 300
        },
        {
            "id": 184,
            "profile": "ft.D.8",
            "res": 8,
            "subtime": 7101.513550350557,
            "walltime": 300
        },
        {
            "id": 185,
            "profile": "ft.C.8",
            "res": 8,
            "subtime": 7110.743406964277,
            "walltime": 300
        },
        {
            "id": 186,
            "profile": "ft.D.16",
            "res": 16,
            "subtime": 7163.587739414938,
            "walltime": 200
        },
        {
            "id": 187,
            "profile": "lu.B.4",
            "res": 4,
            "subtime": 7189.760701362737,
            "walltime": 200
        },
        {
            "id": 188,
            "profile": "ft.C.8",
            "res": 8,
            "subtime": 7226.739149860768,
            "walltime": 300
        },
        {
            "id": 189,
            "profile": "ft.C.4",
            "res": 4,
            "subtime": 7276.832603251871,
            "walltime": 200
        },
        {
            "id": 190,
            "profile": "ft.D.4",
            "res": 4,
            "subtime": 7318.982350148897,
            "walltime": 200
        },
        {
            "id": 191,
            "profile": "ft.C.4",
            "res": 4,
            "subtime": 7329.072444819309,
            "walltime": 200
        },
        {
            "id": 192,
            "profile": "ft.D.8",
            "res": 8,
            "subtime": 7389.814489756452,
            "walltime": 300
        },
        {
            "id": 193,
            "profile": "ft.D.4",
            "res": 4,
            "subtime": 7414.862416954982,
            "walltime": 200
        },
        {
            "id": 194,
            "profile": "lu.B.4",
            "res": 4,
            "subtime": 7433.152261380389,
            "walltime": 200
        },
        {
            "id": 195,
            "profile": "ft.C.4",
            "res": 4,
            "subtime": 7523.198818023665,
            "walltime": 200
        },
        {
            "id": 196,
            "profile": "ft.C.8",
            "res": 8,
            "subtime": 7532.603350559093,
            "walltime": 300
        },
        {
            "id": 197,
            "profile": "ft.D.8",
            "res": 8,
            "subtime": 7568.018438085443,
            "walltime": 300
        },
        {
            "id": 198,
            "profile": "ft.D.8",
            "res": 8,
            "subtime": 7626.308034602297,
            "walltime": 300
        },
        {
            "id": 199,
            "profile": "lu.C.16",
            "res": 16,
            "subtime": 7635.142220423501,
            "walltime": 200
        },
        {
            "id": 200,
            "profile": "is.D.32",
            "res": 32,
            "subtime": 7640.878454871342,
            "walltime": 200
        },
        {
            "id": 201,
            "profile": "ft.C.8",
            "res": 8,
            "subtime": 7653.630467181509,
            "walltime": 300
        },
        {
            "id": 202,
            "profile": "ft.D.8",
            "res": 8,
            "subtime": 7737.609437427485,
            "walltime": 300
        },
        {
            "id": 203,
            "profile": "ft.D.4",
            "res": 4,
            "subtime": 7756.759357399963,
            "walltime": 200
        },
        {
            "id": 204,
            "profile": "ft.C.4",
            "res": 4,
            "subtime": 7822.137173320397,
            "walltime": 200
        },
        {
            "id": 205,
            "profile": "lu.C.16",
            "res": 16,
            "subtime": 7824.734962756713,
            "walltime": 200
        },
        {
            "id": 206,
            "profile": "ft.C.4",
            "res": 4,
            "subtime": 7921.879569852724,
            "walltime": 200
        },
        {
            "id": 207,
            "profile": "ft.C.8",
            "res": 8,
            "subtime": 7943.462273281808,
            "walltime": 300
        },
        {
            "id": 208,
            "profile": "ft.C.8",
            "res": 8,
            "subtime": 7991.134814936641,
            "walltime": 300
        },
        {
            "id": 209,
            "profile": "ft.C.8",
            "res": 8,
            "subtime": 8067.954116970683,
            "walltime": 300
        },
        {
            "id": 210,
            "profile": "lu.B.4",
            "res": 4,
            "subtime": 8109.384439401536,
            "walltime": 200
        },
        {
            "id": 211,
            "profile": "ft.C.16",
            "res": 16,
            "subtime": 8110.554086157451,
            "walltime": 200
        },
        {
            "id": 212,
            "profile": "lu.C.16",
            "res": 16,
            "subtime": 8148.644073060275,
            "walltime": 200
        },
        {
            "id": 213,
            "profile": "ft.C.8",
            "res": 8,
            "subtime": 8204.467097145241,
            "walltime": 300
        },
        {
            "id": 214,
            "profile": "ft.C.4",
            "res": 4,
            "subtime": 8283.426387284257,
            "walltime": 200
        },
        {
            "id": 215,
            "profile": "ft.D.8",
            "res": 8,
            "subtime": 8442.387059069079,
            "walltime": 300
        },
        {
            "id": 216,
            "profile": "ft.D.8",
            "res": 8,
            "subtime": 8456.48661799047,
            "walltime": 300
        },
        {
            "id": 217,
            "profile": "lu.C.16",
            "res": 16,
            "subtime": 8461.367368476094,
            "walltime": 200
        },
        {
            "id": 218,
            "profile": "lu.B.4",
            "res": 4,
            "subtime": 8506.742945769296,
            "walltime": 200
        },
        {
            "id": 219,
            "profile": "ft.E.32",
            "res": 32,
            "subtime": 8686.878474475261,
            "walltime": 2400
        },
        {
            "id": 220,
            "profile": "is.D.64",
            "res": 64,
            "subtime": 8708.055004949816,
            "walltime": 200
        },
        {
            "id": 221,
            "profile": "ft.E.32",
            "res": 32,
            "subtime": 8730.483451875005,
            "walltime": 2400
        },
        {
            "id": 222,
            "profile": "ft.C.8",
            "res": 8,
            "subtime": 8760.43219980501,
            "walltime": 300
        },
        {
            "id": 223,
            "profile": "lu.C.16",
            "res": 16,
            "subtime": 8791.517331677225,
            "walltime": 200
        },
        {
            "id": 224,
            "profile": "is.D.64",
            "res": 64,
            "subtime": 8800.380584650926,
            "walltime": 200
        },
        {
            "id": 225,
            "profile": "lu.B.4",
            "res": 4,
            "subtime": 8824.683107625578,
            "walltime": 200
        },
        {
            "id": 226,
            "profile": "ft.C.8",
            "res": 8,
            "subtime": 8826.640035188128,
            "walltime": 300
        },
        {
            "id": 227,
            "profile": "ft.D.4",
            "res": 4,
            "subtime": 8836.921594607049,
            "walltime": 200
        },
        {
            "id": 228,
            "profile": "ft.C.4",
            "res": 4,
            "subtime": 8878.336172699526,
            "walltime": 200
        },
        {
            "id": 229,
            "profile": "ft.C.16",
            "res": 16,
            "subtime": 8900.272026709323,
            "walltime": 200
        },
        {
            "id": 230,
            "profile": "is.D.64",
            "res": 64,
            "subtime": 8923.03043789833,
            "walltime": 200
        },
        {
            "id": 231,
            "profile": "lu.C.16",
            "res": 16,
            "subtime": 9040.247352467555,
            "walltime": 200
        },
        {
            "id": 232,
            "profile": "ft.D.4",
            "res": 4,
            "subtime": 9066.679655661663,
            "walltime": 200
        },
        {
            "id": 233,
            "profile": "lu.C.16",
            "res": 16,
            "subtime": 9091.387391852726,
            "walltime": 200
        },
        {
            "id": 234,
            "profile": "lu.B.4",
            "res": 4,
            "subtime": 9094.376983752076,
            "walltime": 200
        },
        {
            "id": 235,
            "profile": "ft.C.16",
            "res": 16,
            "subtime": 9183.523421301848,
            "walltime": 200
        },
        {
            "id": 236,
            "profile": "is.D.32",
            "res": 32,
            "subtime": 9224.274139853667,
            "walltime": 200
        },
        {
            "id": 237,
            "profile": "ft.C.4",
            "res": 4,
            "subtime": 9277.333780973064,
            "walltime": 200
        },
        {
            "id": 238,
            "profile": "is.D.32",
            "res": 32,
            "subtime": 9365.283651144984,
            "walltime": 200
        },
        {
            "id": 239,
            "profile": "ft.C.8",
            "res": 8,
            "subtime": 9445.600083787907,
            "walltime": 300
        },
        {
            "id": 240,
            "profile": "lu.B.4",
            "res": 4,
            "subtime": 9449.47915576824,
            "walltime": 200
        },
        {
            "id": 241,
            "profile": "lu.B.4",
            "res": 4,
            "subtime": 9451.21953351868,
            "walltime": 200
        },
        {
            "id": 242,
            "profile": "lu.C.16",
            "res": 16,
            "subtime": 9509.050577258722,
            "walltime": 200
        },
        {
            "id": 243,
            "profile": "ft.D.4",
            "res": 4,
            "subtime": 9571.765015676143,
            "walltime": 200
        },
        {
            "id": 244,
            "profile": "lu.C.16",
            "res": 16,
            "subtime": 9662.292653740195,
            "walltime": 200
        },
        {
            "id": 245,
            "profile": "ft.C.8",
            "res": 8,
            "subtime": 9663.327688096486,
            "walltime": 300
        },
        {
            "id": 246,
            "profile": "ft.C.8",
            "res": 8,
            "subtime": 9665.628438389269,
            "walltime": 300
        },
        {
            "id": 247,
            "profile": "ft.D.8",
            "res": 8,
            "subtime": 9718.378964472446,
            "walltime": 300
        },
        {
            "id": 248,
            "profile": "ft.C.4",
            "res": 4,
            "subtime": 9736.696309345298,
            "walltime": 200
        },
        {
            "id": 249,
            "profile": "is.D.32",
            "res": 32,
            "subtime": 9764.618367140616,
            "walltime": 200
        }
    ],
    "nb_res": 128,
    "profiles": {
        "ft.C.16": {
            "command": "mpirun --mca btl_tcp_if_exclude ib0,ib1,lo,eth2,eth1 --mca btl self,sm,tcp -hostfile \\$OAR_NODEFILE --path $PATH ft.C.16",
            "delay": 113.8,
            "np": 16,
            "runtime": 113.8,
            "type": "delay"
        },
        "ft.C.4": {
            "command": "mpirun --mca btl_tcp_if_exclude ib0,ib1,lo,eth2,eth1 --mca btl self,sm,tcp -hostfile \\$OAR_NODEFILE --path $PATH ft.C.4",
            "delay": 138.16,
            "np": 4,
            "runtime": 138.16,
            "type": "delay"
        },
        "ft.C.8": {
            "command": "mpirun --mca btl_tcp_if_exclude ib0,ib1,lo,eth2,eth1 --mca btl self,sm,tcp -hostfile \\$OAR_NODEFILE --path $PATH ft.C.8",
            "delay": 170.8,
            "np": 8,
            "runtime": 170.8,
            "type": "delay"
        },
        "ft.D.128": {
            "command": "mpirun --mca btl_tcp_if_exclude ib0,ib1,lo,eth2,eth1 --mca btl self,sm,tcp -hostfile \\$OAR_NODEFILE --path $PATH ft.D.128",
            "delay": 411.35,
            "np": 128,
            "runtime": 411.35,
            "type": "delay"
        },
        "ft.D.16": {
            "command": "mpirun --mca btl_tcp_if_exclude ib0,ib1,lo,eth2,eth1 --mca btl self,sm,tcp -hostfile \\$OAR_NODEFILE --path $PATH ft.D.16",
            "delay": 113.94,
            "np": 16,
            "runtime": 113.94,
            "type": "delay"
        },
        "ft.D.32": {
            "command": "mpirun --mca btl_tcp_if_exclude ib0,ib1,lo,eth2,eth1 --mca btl self,sm,tcp -hostfile \\$OAR_NODEFILE --path $PATH ft.D.32",
            "delay": 1446.03,
            "np": 32,
            "runtime": 1446.03,
            "type": "delay"
        },
        "ft.D.4": {
            "command": "mpirun --mca btl_tcp_if_exclude ib0,ib1,lo,eth2,eth1 --mca btl self,sm,tcp -hostfile \\$OAR_NODEFILE --path $PATH ft.D.4",
            "delay": 137.25,
            "np": 4,
            "runtime": 137.25,
            "type": "delay"
        },
        "ft.D.8": {
            "command": "mpirun --mca btl_tcp_if_exclude ib0,ib1,lo,eth2,eth1 --mca btl self,sm,tcp -hostfile \\$OAR_NODEFILE --path $PATH ft.D.8",
            "delay": 172.94,
            "np": 8,
            "runtime": 172.94,
            "type": "delay"
        },
        "ft.E.128": {
            "command": "mpirun --mca btl_tcp_if_exclude ib0,ib1,lo,eth2,eth1 --mca btl self,sm,tcp -hostfile \\$OAR_NODEFILE --path $PATH ft.E.128",
            "delay": 405.83,
            "np": 128,
            "runtime": 405.83,
            "type": "delay"
        },
        "ft.E.32": {
            "command": "mpirun --mca btl_tcp_if_exclude ib0,ib1,lo,eth2,eth1 --mca btl self,sm,tcp -hostfile \\$OAR_NODEFILE --path $PATH ft.E.32",
            "delay": 1440.49,
            "np": 32,
            "runtime": 1440.49,
            "type": "delay"
        },
        "is.D.32": {
            "command": "mpirun --mca btl_tcp_if_exclude ib0,ib1,lo,eth2,eth1 --mca btl self,sm,tcp -hostfile \\$OAR_NODEFILE --path $PATH is.D.32",
            "delay": 135.1,
            "np": 32,
            "runtime": 135.1,
            "type": "delay"
        },
        "is.D.64": {
            "command": "mpirun --mca btl_tcp_if_exclude ib0,ib1,lo,eth2,eth1 --mca btl self,sm,tcp -hostfile \\$OAR_NODEFILE --path $PATH is.D.64",
            "delay": 78.66,
            "np": 64,
            "runtime": 78.66,
            "type": "delay"
        },
        "lu.B.4": {
            "command": "mpirun --mca btl_tcp_if_exclude ib0,ib1,lo,eth2,eth1 --mca btl self,sm,tcp -hostfile \\$OAR_NODEFILE --path $PATH lu.B.4",
            "delay": 88.58,
            "np": 4,
            "runtime": 88.58,
            "type": "delay"
        },
        "lu.C.16": {
            "command": "mpirun --mca btl_tcp_if_exclude ib0,ib1,lo,eth2,eth1 --mca btl self,sm,tcp -hostfile \\$OAR_NODEFILE --path $PATH lu.C.16",
            "delay": 104.88,
            "np": 16,
            "runtime": 104.88,
            "type": "delay"
        }
    }
}