{
    "command": "./json_workload_generator.py core_level_NPB_profile.json workloads/workload_hpc_seed3_jobs250.json 128 --indent 4 --random_seed 3 --job_number 250 --job_log_size_sigma 0.4 --job_iarrival_lambda 40 --job_iarrival_k 1 --maximum_power_of_two 7",
    "date": "2017-06-06 13:26:47.164326",
    "description": "Namespace(indent=4, inputJSON=<_io.TextIOWrapper name='core_level_NPB_profile.json' mode='r' encoding='UTF-8'>, job_iarrival_k=1.0, job_iarrival_lambda=40.0, job_log_size_mu=1, job_log_size_sigma=0.4, job_number=250, maximum_job_length=None, maximum_power_of_two=7, minimum_power_of_two=2, outputJSON=<_io.TextIOWrapper name='workloads/workload_hpc_seed3_jobs250.json' mode='w' encoding='UTF-8'>, random_seed=3, resourcesNumber=128, serial_job_probability=0.25)",
    "jobs": [
        {
            "id": 0,
            "profile": "ft.D.4",
            "res": 4,
            "subtime": 99.05126770673341,
            "walltime": 200
        },
        {
            "id": 1,
            "profile": "ft.C.8",
            "res": 8,
            "subtime": 194.84735405375142,
            "walltime": 300
        },
        {
            "id": 2,
            "profile": "ft.C.8",
            "res": 8,
            "subtime": 412.3030700184851,
            "walltime": 300
        },
        {
            "id": 3,
            "profile": "ft.D.4",
            "res": 4,
            "subtime": 432.5455214711103,
            "walltime": 200
        },
        {
            "id": 4,
            "profile": "ft.C.16",
            "res": 16,
            "subtime": 513.5573875210611,
            "walltime": 200
        },
        {
            "id": 5,
            "profile": "ft.C.8",
            "res": 8,
            "subtime": 520.5029589110907,
            "walltime": 300
        },
        {
            "id": 6,
            "profile": "ft.D.4",
            "res": 4,
            "subtime": 570.5916113342605,
            "walltime": 200
        },
        {
            "id": 7,
            "profile": "lu.C.16",
            "res": 16,
            "subtime": 594.1157959876481,
            "walltime": 200
        },
        {
            "id": 8,
            "profile": "ft.D.4",
            "res": 4,
            "subtime": 615.9841692955705,
            "walltime": 200
        },
        {
            "id": 9,
            "profile": "is.D.32",
            "res": 32,
            "subtime": 651.1703831659082,
            "walltime": 200
        },
        {
            "id": 10,
            "profile": "is.D.32",
            "res": 32,
            "subtime": 750.1199350755464,
            "walltime": 200
        },
        {
            "id": 11,
            "profile": "lu.B.4",
            "res": 4,
            "subtime": 794.6211074433505,
            "walltime": 200
        },
        {
            "id": 12,
            "profile": "ft.C.8",
            "res": 8,
            "subtime": 834.7142185954366,
            "walltime": 300
        },
        {
            "id": 13,
            "profile": "lu.B.4",
            "res": 4,
            "subtime": 1018.1525158284974,
            "walltime": 200
        },
        {
            "id": 14,
            "profile": "ft.D.8",
            "res": 8,
            "subtime": 1040.4371956376037,
            "walltime": 300
        },
        {
            "id": 15,
            "profile": "ft.C.8",
            "res": 8,
            "subtime": 1059.4172500069822,
            "walltime": 300
        },
        {
            "id": 16,
            "profile": "ft.D.8",
            "res": 8,
            "subtime": 1087.5791346835736,
            "walltime": 300
        },
        {
            "id": 17,
            "profile": "ft.C.4",
            "res": 4,
            "subtime": 1134.3920266255773,
            "walltime": 200
        },
        {
            "id": 18,
            "profile": "ft.D.16",
            "res": 16,
            "subtime": 1261.8284606194923,
            "walltime": 200
        },
        {
            "id": 19,
            "profile": "ft.D.16",
            "res": 16,
            "subtime": 1343.4039294450342,
            "walltime": 200
        },
        {
            "id": 20,
            "profile": "lu.B.4",
            "res": 4,
            "subtime": 1376.1760316923235,
            "walltime": 200
        },
        {
            "id": 21,
            "profile": "ft.C.8",
            "res": 8,
            "subtime": 1486.4042908361491,
            "walltime": 300
        },
        {
            "id": 22,
            "profile": "ft.D.8",
            "res": 8,
            "subtime": 1518.2053274391067,
            "walltime": 300
        },
        {
            "id": 23,
            "profile": "lu.B.4",
            "res": 4,
            "subtime": 1533.3315677706285,
            "walltime": 200
        },
        {
            "id": 24,
            "profile": "ft.C.4",
            "res": 4,
            "subtime": 1535.8100100502359,
            "walltime": 200
        },
        {
            "id": 25,
            "profile": "ft.D.8",
            "res": 8,
            "subtime": 1573.3579997784204,
            "walltime": 300
        },
        {
            "id": 26,
            "profile": "lu.B.4",
            "res": 4,
            "subtime": 1575.8575682968296,
            "walltime": 200
        },
        {
            "id": 27,
            "profile": "lu.B.4",
            "res": 4,
            "subtime": 1612.6549297361253,
            "walltime": 200
        },
        {
            "id": 28,
            "profile": "ft.D.4",
            "res": 4,
            "subtime": 1686.9301383626307,
            "walltime": 200
        },
        {
            "id": 29,
            "profile": "lu.B.4",
            "res": 4,
            "subtime": 1752.0765314582463,
            "walltime": 200
        },
        {
            "id": 30,
            "profile": "ft.D.4",
            "res": 4,
            "subtime": 1794.0167644304263,
            "walltime": 200
        },
        {
            "id": 31,
            "profile": "ft.D.8",
            "res": 8,
            "subtime": 1806.6380779288736,
            "walltime": 300
        },
        {
            "id": 32,
            "profile": "lu.C.16",
            "res": 16,
            "subtime": 1814.751441268663,
            "walltime": 200
        },
        {
            "id": 33,
            "profile": "ft.D.16",
            "res": 16,
            "subtime": 1850.3647396747126,
            "walltime": 200
        },
        {
            "id": 34,
            "profile": "ft.D.4",
            "res": 4,
            "subtime": 1875.3634113117143,
            "walltime": 200
        },
        {
            "id": 35,
            "profile": "ft.D.8",
            "res": 8,
            "subtime": 1876.8110648126453,
            "walltime": 300
        },
        {
            "id": 36,
            "profile": "ft.D.8",
            "res": 8,
            "subtime": 1991.58762326638,
            "walltime": 300
        },
        {
            "id": 37,
            "profile": "lu.C.16",
            "res": 16,
            "subtime": 2015.989251216583,
            "walltime": 200
        },
        {
            "id": 38,
            "profile": "ft.E.32",
            "res": 32,
            "subtime": 2047.387563165529,
            "walltime": 2400
        },
        {
            "id": 39,
            "profile": "ft.C.4",
            "res": 4,
            "subtime": 2140.961377815016,
            "walltime": 200
        },
        {
            "id": 40,
            "profile": "ft.C.8",
            "res": 8,
            "subtime": 2148.5024449126568,
            "walltime": 300
        },
        {
            "id": 41,
            "profile": "lu.B.4",
            "res": 4,
            "subtime": 2179.303258814704,
            "walltime": 200
        },
        {
            "id": 42,
            "profile": "is.D.64",
            "res": 64,
            "subtime": 2196.6480674005193,
            "walltime": 200
        },
        {
            "id": 43,
            "profile": "ft.C.4",
            "res": 4,
            "subtime": 2204.164059368594,
            "walltime": 200
        },
        {
            "id": 44,
            "profile": "lu.B.4",
            "res": 4,
            "subtime": 2233.495504406822,
            "walltime": 200
        },
        {
            "id": 45,
            "profile": "ft.C.4",
            "res": 4,
            "subtime": 2311.2982084237915,
            "walltime": 200
        },
        {
            "id": 46,
            "profile": "ft.C.8",
            "res": 8,
            "subtime": 2326.4071363670396,
            "walltime": 300
        },
        {
            "id": 47,
            "profile": "lu.B.4",
            "res": 4,
            "subtime": 2340.91015586969,
            "walltime": 200
        },
        {
            "id": 48,
            "profile": "ft.C.8",
            "res": 8,
            "subtime": 2391.2674292285446,
            "walltime": 300
        },
        {
            "id": 49,
            "profile": "ft.C.4",
            "res": 4,
            "subtime": 2393.0238978871803,
            "walltime": 200
        },
        {
            "id": 50,
            "profile": "ft.D.8",
            "res": 8,
            "subtime": 2433.5223555550283,
            "walltime": 300
        },
        {
            "id": 51,
            "profile": "lu.C.16",
            "res": 16,
            "subtime": 2455.1938848582754,
            "walltime": 200
        },
        {
            "id": 52,
            "profile": "ft.D.4",
            "res": 4,
            "subtime": 2465.3607314541446,
            "walltime": 200
        },
        {
            "id": 53,
            "profile": "ft.C.16",
            "res": 16,
            "subtime": 2490.3162652333294,
            "walltime": 200
        },
        {
            "id": 54,
            "profile": "ft.E.128",
            "res": 128,
            "subtime": 2534.3682903836298,
            "walltime": 600
        },
        {
            "id": 55,
            "profile": "ft.C.16",
            "res": 16,
            "subtime": 2601.140223142985,
            "walltime": 200
        },
        {
            "id": 56,
            "profile": "ft.C.16",
            "res": 16,
            "subtime": 2660.6828794626203,
            "walltime": 200
        },
        {
            "id": 57,
            "profile": "ft.C.16",
            "res": 16,
            "subtime": 2705.460152554609,
            "walltime": 200
        },
        {
            "id": 58,
            "profile": "ft.C.16",
            "res": 16,
            "subtime": 2928.85098627883,
            "walltime": 200
        },
        {
            "id": 59,
            "profile": "ft.C.8",
            "res": 8,
            "subtime": 2933.366255334381,
            "walltime": 300
        },
        {
            "id": 60,
            "profile": "lu.B.4",
            "res": 4,
            "subtime": 2941.3248933321115,
            "walltime": 200
        },
        {
            "id": 61,
            "profile": "ft.D.8",
            "res": 8,
            "subtime": 2952.9869304568615,
            "walltime": 300
        },
        {
            "id": 62,
            "profile": "ft.D.4",
            "res": 4,
            "subtime": 3027.2011647871172,
            "walltime": 200
        },
        {
            "id": 63,
            "profile": "is.D.32",
            "res": 32,
            "subtime": 3083.643671461275,
            "walltime": 200
        },
        {
            "id": 64,
            "profile": "ft.D.8",
            "res": 8,
            "subtime": 3090.436059513614,
            "walltime": 300
        },
        {
            "id": 65,
            "profile": "ft.D.4",
            "res": 4,
            "subtime": 3189.8072363577085,
            "walltime": 200
        },
        {
            "id": 66,
            "profile": "ft.C.8",
            "res": 8,
            "subtime": 3195.6677234509107,
            "walltime": 300
        },
        {
            "id": 67,
            "profile": "ft.D.8",
            "res": 8,
            "subtime": 3304.872924462126,
            "walltime": 300
        },
        {
            "id": 68,
            "profile": "ft.E.32",
            "res": 32,
            "subtime": 3349.387664587055,
            "walltime": 2400
        },
        {
            "id": 69,
            "profile": "is.D.32",
            "res": 32,
            "subtime": 3384.5328515589167,
            "walltime": 200
        },
        {
            "id": 70,
            "profile": "ft.C.4",
            "res": 4,
            "subtime": 3397.01695911238,
            "walltime": 200
        },
        {
            "id": 71,
            "profile": "lu.C.16",
            "res": 16,
            "subtime": 3414.897851296333,
            "walltime": 200
        },
        {
            "id": 72,
            "profile": "ft.C.4",
            "res": 4,
            "subtime": 3436.5779094340455,
            "walltime": 200
        },
        {
            "id": 73,
            "profile": "ft.C.16",
            "res": 16,
            "subtime": 3461.8263630078513,
            "walltime": 200
        },
        {
            "id": 74,
            "profile": "ft.C.8",
            "res": 8,
            "subtime": 3539.52471179142,
            "walltime": 300
        },
        {
            "id": 75,
            "profile": "ft.C.4",
            "res": 4,
            "subtime": 3564.7237361306948,
            "walltime": 200
        },
        {
            "id": 76,
            "profile": "lu.B.4",
            "res": 4,
            "subtime": 3624.8067991685825,
            "walltime": 200
        },
        {
            "id": 77,
            "profile": "ft.D.4",
            "res": 4,
            "subtime": 3635.8945197298417,
            "walltime": 200
        },
        {
            "id": 78,
            "profile": "ft.C.4",
            "res": 4,
            "subtime": 3674.79923898285,
            "walltime": 200
        },
        {
            "id": 79,
            "profile": "ft.D.8",
            "res": 8,
            "subtime": 3682.23842253376,
            "walltime": 300
        },
        {
            "id": 80,
            "profile": "ft.D.4",
            "res": 4,
            "subtime": 3683.7101908987956,
            "walltime": 200
        },
        {
            "id": 81,
            "profile": "ft.D.4",
            "res": 4,
            "subtime": 3683.986490813536,
            "walltime": 200
        },
        {
            "id": 82,
            "profile": "ft.D.4",
            "res": 4,
            "subtime": 3687.2334308771533,
            "walltime": 200
        },
        {
            "id": 83,
            "profile": "ft.D.16",
            "res": 16,
            "subtime": 3707.0656571064865,
            "walltime": 200
        },
        {
            "id": 84,
            "profile": "ft.D.8",
            "res": 8,
            "subtime": 3710.2379489886534,
            "walltime": 300
        },
        {
            "id": 85,
            "profile": "ft.D.8",
            "res": 8,
            "subtime": 3714.3150789445217,
            "walltime": 300
        },
        {
            "id": 86,
            "profile": "ft.D.16",
            "res": 16,
            "subtime": 3770.956090531853,
            "walltime": 200
        },
        {
            "id": 87,
            "profile": "lu.B.4",
            "res": 4,
            "subtime": 3886.4095136905576,
            "walltime": 200
        },
        {
            "id": 88,
            "profile": "ft.D.8",
            "res": 8,
            "subtime": 3931.099923137471,
            "walltime": 300
        },
        {
            "id": 89,
            "profile": "ft.D.8",
            "res": 8,
            "subtime": 3959.526548315386,
            "walltime": 300
        },
        {
            "id": 90,
            "profile": "lu.B.4",
            "res": 4,
            "subtime": 3992.9510700959627,
            "walltime": 200
        },
        {
            "id": 91,
            "profile": "ft.D.8",
            "res": 8,
            "subtime": 3998.206968778427,
            "walltime": 300
        },
        {
            "id": 92,
            "profile": "lu.B.4",
            "res": 4,
            "subtime": 4020.005541147462,
            "walltime": 200
        },
        {
            "id": 93,
            "profile": "ft.D.4",
            "res": 4,
            "subtime": 4034.989946944747,
            "walltime": 200
        },
        {
            "id": 94,
            "profile": "is.D.32",
            "res": 32,
            "subtime": 4069.297415602513,
            "walltime": 200
        },
        {
            "id": 95,
            "profile": "ft.D.8",
            "res": 8,
            "subtime": 4088.6374881827455,
            "walltime": 300
        },
        {
            "id": 96,
            "profile": "ft.D.8",
            "res": 8,
            "subtime": 4171.894682650983,
            "walltime": 300
        },
        {
            "id": 97,
            "profile": "ft.D.32",
            "res": 32,
            "subtime": 4189.303906007385,
            "walltime": 2400
        },
        {
            "id": 98,
            "profile": "ft.D.16",
            "res": 16,
            "subtime": 4224.979423802642,
            "walltime": 200
        },
        {
            "id": 99,
            "profile": "lu.C.16",
            "res": 16,
            "subtime": 4229.734945722653,
            "walltime": 200
        },
        {
            "id": 100,
            "profile": "lu.C.16",
            "res": 16,
            "subtime": 4284.131552667279,
            "walltime": 200
        },
        {
            "id": 101,
            "profile": "is.D.64",
            "res": 64,
            "subtime": 4362.639851990549,
            "walltime": 200
        },
        {
            "id": 102,
            "profile": "ft.C.16",
            "res": 16,
            "subtime": 4396.24714723819,
            "walltime": 200
        },
        {
            "id": 103,
            "profile": "ft.D.4",
            "res": 4,
            "subtime": 4397.469122089119,
            "walltime": 200
        },
        {
            "id": 104,
            "profile": "lu.C.16",
            "res": 16,
            "subtime": 4492.117314893965,
            "walltime": 200
        },
        {
            "id": 105,
            "profile": "lu.B.4",
            "res": 4,
            "subtime": 4538.532159254612,
            "walltime": 200
        },
        {
            "id": 106,
            "profile": "ft.C.8",
            "res": 8,
            "subtime": 4543.08053652097,
            "walltime": 300
        },
        {
            "id": 107,
            "profile": "ft.C.8",
            "res": 8,
            "subtime": 4572.74376690275,
            "walltime": 300
        },
        {
            "id": 108,
            "profile": "ft.C.8",
            "res": 8,
            "subtime": 4574.254427907723,
            "walltime": 300
        },
        {
            "id": 109,
            "profile": "ft.D.8",
            "res": 8,
            "subtime": 4578.98656657205,
            "walltime": 300
        },
        {
            "id": 110,
            "profile": "ft.C.4",
            "res": 4,
            "subtime": 4584.814787509341,
            "walltime": 200
        },
        {
            "id": 111,
            "profile": "ft.D.32",
            "res": 32,
            "subtime": 4585.848720479776,
            "walltime": 2400
        },
        {
            "id": 112,
            "profile": "ft.D.8",
            "res": 8,
            "subtime": 4616.812601553004,
            "walltime": 300
        },
        {
            "id": 113,
            "profile": "ft.D.16",
            "res": 16,
            "subtime": 4664.265738996404,
            "walltime": 200
        },
        {
            "id": 114,
            "profile": "ft.D.128",
            "res": 128,
            "subtime": 4718.105577627666,
            "walltime": 600
        },
        {
            "id": 115,
            "profile": "ft.C.4",
            "res": 4,
            "subtime": 4797.169423442042,
            "walltime": 200
        },
        {
            "id": 116,
            "profile": "ft.D.4",
            "res": 4,
            "subtime": 4812.350214177909,
            "walltime": 200
        },
        {
            "id": 117,
            "profile": "ft.C.16",
            "res": 16,
            "subtime": 4861.294890353006,
            "walltime": 200
        },
        {
            "id": 118,
            "profile": "ft.C.4",
            "res": 4,
            "subtime": 4892.133678057525,
            "walltime": 200
        },
        {
            "id": 119,
            "profile": "ft.D.4",
            "res": 4,
            "subtime": 4893.079546697842,
            "walltime": 200
        },
        {
            "id": 120,
            "profile": "ft.D.4",
            "res": 4,
            "subtime": 4901.046329250711,
            "walltime": 200
        },
        {
            "id": 121,
            "profile": "lu.B.4",
            "res": 4,
            "subtime": 4918.993487674622,
            "walltime": 200
        },
        {
            "id": 122,
            "profile": "ft.D.16",
            "res": 16,
            "subtime": 4925.188459965087,
            "walltime": 200
        },
        {
            "id": 123,
            "profile": "ft.C.8",
            "res": 8,
            "subtime": 4926.087571705637,
            "walltime": 300
        },
        {
            "id": 124,
            "profile": "ft.C.8",
            "res": 8,
            "subtime": 4932.086029583286,
            "walltime": 300
        },
        {
            "id": 125,
            "profile": "ft.C.8",
            "res": 8,
            "subtime": 4934.549036616142,
            "walltime": 300
        },
        {
            "id": 126,
            "profile": "ft.D.4",
            "res": 4,
            "subtime": 4935.884644034942,
            "walltime": 200
        },
        {
            "id": 127,
            "profile": "ft.C.8",
            "res": 8,
            "subtime": 4956.092227689556,
            "walltime": 300
        },
        {
            "id": 128,
            "profile": "ft.D.4",
            "res": 4,
            "subtime": 4964.552910435521,
            "walltime": 200
        },
        {
            "id": 129,
            "profile": "ft.C.4",
            "res": 4,
            "subtime": 5000.649865539403,
            "walltime": 200
        },
        {
            "id": 130,
            "profile": "ft.D.16",
            "res": 16,
            "subtime": 5062.936042305129,
            "walltime": 200
        },
        {
            "id": 131,
            "profile": "is.D.32",
            "res": 32,
            "subtime": 5075.295765839613,
            "walltime": 200
        },
        {
            "id": 132,
            "profile": "ft.E.32",
            "res": 32,
            "subtime": 5090.548776906274,
            "walltime": 2400
        },
        {
            "id": 133,
            "profile": "ft.C.4",
            "res": 4,
            "subtime": 5126.433575775126,
            "walltime": 200
        },
        {
            "id": 134,
            "profile": "ft.C.4",
            "res": 4,
            "subtime": 5152.732866234207,
            "walltime": 200
        },
        {
            "id": 135,
            "profile": "ft.D.4",
            "res": 4,
            "subtime": 5161.693049001442,
            "walltime": 200
        },
        {
            "id": 136,
            "profile": "ft.E.32",
            "res": 32,
            "subtime": 5261.431068070837,
            "walltime": 2400
        },
        {
            "id": 137,
            "profile": "ft.D.4",
            "res": 4,
            "subtime": 5265.106008401468,
            "walltime": 200
        },
        {
            "id": 138,
            "profile": "ft.D.4",
            "res": 4,
            "subtime": 5295.865388144072,
            "walltime": 200
        },
        {
            "id": 139,
            "profile": "lu.C.16",
            "res": 16,
            "subtime": 5375.817894739807,
            "walltime": 200
        },
        {
            "id": 140,
            "profile": "ft.D.4",
            "res": 4,
            "subtime": 5398.899961427755,
            "walltime": 200
        },
        {
            "id": 141,
            "profile": "ft.D.4",
            "res": 4,
            "subtime": 5411.458674348552,
            "walltime": 200
        },
        {
            "id": 142,
            "profile": "ft.D.8",
            "res": 8,
            "subtime": 5530.8551589722,
            "walltime": 300
        },
        {
            "id": 143,
            "profile": "ft.D.128",
            "res": 128,
            "subtime": 5587.68254971305,
            "walltime": 600
        },
        {
            "id": 144,
            "profile": "ft.C.8",
            "res": 8,
            "subtime": 5624.402709272774,
            "walltime": 300
        },
        {
            "id": 145,
            "profile": "ft.D.8",
            "res": 8,
            "subtime": 5715.282744005299,
            "walltime": 300
        },
        {
            "id": 146,
            "profile": "ft.D.8",
            "res": 8,
            "subtime": 5715.349460873779,
            "walltime": 300
        },
        {
            "id": 147,
            "profile": "ft.D.16",
            "res": 16,
            "subtime": 5720.016742070643,
            "walltime": 200
        },
        {
            "id": 148,
            "profile": "ft.C.8",
            "res": 8,
            "subtime": 5733.575873095684,
            "walltime": 300
        },
        {
            "id": 149,
            "profile": "ft.D.8",
            "res": 8,
            "subtime": 5795.743796049783,
            "walltime": 300
        },
        {
            "id": 150,
            "profile": "ft.C.8",
            "res": 8,
            "subtime": 5834.699750213892,
            "walltime": 300
        },
        {
            "id": 151,
            "profile": "ft.C.16",
            "res": 16,
            "subtime": 5843.588349873383,
            "walltime": 200
        },
        {
            "id": 152,
            "profile": "ft.C.8",
            "res": 8,
            "subtime": 5884.655510191032,
            "walltime": 300
        },
        {
            "id": 153,
            "profile": "ft.D.4",
            "res": 4,
            "subtime": 5944.824465627601,
            "walltime": 200
        },
        {
            "id": 154,
            "profile": "ft.C.8",
            "res": 8,
            "subtime": 5975.814554462146,
            "walltime": 300
        },
        {
            "id": 155,
            "profile": "ft.C.4",
            "res": 4,
            "subtime": 5992.530203530241,
            "walltime": 200
        },
        {
            "id": 156,
            "profile": "ft.C.4",
            "res": 4,
            "subtime": 6029.773111941978,
            "walltime": 200
        },
        {
            "id": 157,
            "profile": "ft.C.4",
            "res": 4,
            "subtime": 6046.1040741091265,
            "walltime": 200
        },
        {
            "id": 158,
            "profile": "ft.C.8",
            "res": 8,
            "subtime": 6061.721023358778,
            "walltime": 300
        },
        {
            "id": 159,
            "profile": "ft.C.8",
            "res": 8,
            "subtime": 6144.809594011686,
            "walltime": 300
        },
        {
            "id": 160,
            "profile": "ft.E.32",
            "res": 32,
            "subtime": 6163.150008889911,
            "walltime": 2400
        },
        {
            "id": 161,
            "profile": "ft.D.4",
            "res": 4,
            "subtime": 6189.630735813494,
            "walltime": 200
        },
        {
            "id": 162,
            "profile": "lu.C.16",
            "res": 16,
            "subtime": 6290.812608963786,
            "walltime": 200
        },
        {
            "id": 163,
            "profile": "lu.B.4",
            "res": 4,
            "subtime": 6297.345644242767,
            "walltime": 200
        },
        {
            "id": 164,
            "profile": "ft.D.8",
            "res": 8,
            "subtime": 6299.001944972633,
            "walltime": 300
        },
        {
            "id": 165,
            "profile": "ft.D.8",
            "res": 8,
            "subtime": 6300.535980678265,
            "walltime": 300
        },
        {
            "id": 166,
            "profile": "ft.D.8",
            "res": 8,
            "subtime": 6306.706681134756,
            "walltime": 300
        },
        {
            "id": 167,
            "profile": "ft.D.4",
            "res": 4,
            "subtime": 6309.935896300021,
            "walltime": 200
        },
        {
            "id": 168,
            "profile": "ft.D.4",
            "res": 4,
            "subtime": 6422.479598109329,
            "walltime": 200
        },
        {
            "id": 169,
            "profile": "ft.D.4",
            "res": 4,
            "subtime": 6477.535112753108,
            "walltime": 200
        },
        {
            "id": 170,
            "profile": "ft.D.32",
            "res": 32,
            "subtime": 6483.173681438913,
            "walltime": 2400
        },
        {
            "id": 171,
            "profile": "ft.C.8",
            "res": 8,
            "subtime": 6603.091621886764,
            "walltime": 300
        },
        {
            "id": 172,
            "profile": "ft.D.16",
            "res": 16,
            "subtime": 6758.072436773083,
            "walltime": 200
        },
        {
            "id": 173,
            "profile": "ft.D.4",
            "res": 4,
            "subtime": 6830.274177984614,
            "walltime": 200
        },
        {
            "id": 174,
            "profile": "ft.D.16",
            "res": 16,
            "subtime": 6845.210469401182,
            "walltime": 200
        },
        {
            "id": 175,
            "profile": "ft.C.8",
            "res": 8,
            "subtime": 6846.40178529399,
            "walltime": 300
        },
        {
            "id": 176,
            "profile": "ft.E.128",
            "res": 128,
            "subtime": 6874.840399749193,
            "walltime": 600
        },
        {
            "id": 177,
            "profile": "ft.E.32",
            "res": 32,
            "subtime": 6875.510718193779,
            "walltime": 2400
        },
        {
            "id": 178,
            "profile": "ft.D.8",
            "res": 8,
            "subtime": 6894.059158589011,
            "walltime": 300
        },
        {
            "id": 179,
            "profile": "ft.C.8",
            "res": 8,
            "subtime": 6940.112886187351,
            "walltime": 300
        },
        {
            "id": 180,
            "profile": "ft.D.4",
            "res": 4,
            "subtime": 6953.166384103817,
            "walltime": 200
        },
        {
            "id": 181,
            "profile": "lu.B.4",
            "res": 4,
            "subtime": 6959.917565821965,
            "walltime": 200
        },
        {
            "id": 182,
            "profile": "ft.D.4",
            "res": 4,
            "subtime": 6986.505551804599,
            "walltime": 200
        },
        {
            "id": 183,
            "profile": "lu.B.4",
            "res": 4,
            "subtime": 7024.423371306839,
            "walltime": 200
        },
        {
            "id": 184,
            "profile": "ft.D.8",
            "res": 8,
            "subtime": 7086.004965799068,
            "walltime": 300
        },
        {
            "id": 185,
            "profile": "ft.D.8",
            "res": 8,
            "subtime": 7130.193276579956,
            "walltime": 300
        },
        {
            "id": 186,
            "profile": "lu.B.4",
            "res": 4,
            "subtime": 7153.950284196419,
            "walltime": 200
        },
        {
            "id": 187,
            "profile": "lu.B.4",
            "res": 4,
            "subtime": 7173.2853972286,
            "walltime": 200
        },
        {
            "id": 188,
            "profile": "ft.D.16",
            "res": 16,
            "subtime": 7182.928517596481,
            "walltime": 200
        },
        {
            "id": 189,
            "profile": "lu.B.4",
            "res": 4,
            "subtime": 7202.86694864354,
            "walltime": 200
        },
        {
            "id": 190,
            "profile": "ft.D.4",
            "res": 4,
            "subtime": 7224.199900818727,
            "walltime": 200
        },
        {
            "id": 191,
            "profile": "ft.D.32",
            "res": 32,
            "subtime": 7277.695150400603,
            "walltime": 2400
        },
        {
            "id": 192,
            "profile": "ft.C.8",
            "res": 8,
            "subtime": 7317.586166191036,
            "walltime": 300
        },
        {
            "id": 193,
            "profile": "ft.D.4",
            "res": 4,
            "subtime": 7342.364618742219,
            "walltime": 200
        },
        {
            "id": 194,
            "profile": "ft.C.4",
            "res": 4,
            "subtime": 7353.129176703587,
            "walltime": 200
        },
        {
            "id": 195,
            "profile": "ft.D.16",
            "res": 16,
            "subtime": 7398.036869674996,
            "walltime": 200
        },
        {
            "id": 196,
            "profile": "ft.C.8",
            "res": 8,
            "subtime": 7405.989394037145,
            "walltime": 300
        },
        {
            "id": 197,
            "profile": "ft.C.8",
            "res": 8,
            "subtime": 7489.109102736952,
            "walltime": 300
        },
        {
            "id": 198,
            "profile": "ft.C.8",
            "res": 8,
            "subtime": 7511.824556781269,
            "walltime": 300
        },
        {
            "id": 199,
            "profile": "lu.B.4",
            "res": 4,
            "subtime": 7515.028023194383,
            "walltime": 200
        },
        {
            "id": 200,
            "profile": "ft.D.4",
            "res": 4,
            "subtime": 7519.41197143628,
            "walltime": 200
        },
        {
            "id": 201,
            "profile": "lu.C.16",
            "res": 16,
            "subtime": 7536.359422690258,
            "walltime": 200
        },
        {
            "id": 202,
            "profile": "is.D.64",
            "res": 64,
            "subtime": 7561.309355112333,
            "walltime": 200
        },
        {
            "id": 203,
            "profile": "ft.D.8",
            "res": 8,
            "subtime": 7632.894140957035,
            "walltime": 300
        },
        {
            "id": 204,
            "profile": "lu.B.4",
            "res": 4,
            "subtime": 7708.339747427538,
            "walltime": 200
        },
        {
            "id": 205,
            "profile": "ft.D.16",
            "res": 16,
            "subtime": 7781.62959845066,
            "walltime": 200
        },
        {
            "id": 206,
            "profile": "ft.C.4",
            "res": 4,
            "subtime": 7863.170418106171,
            "walltime": 200
        },
        {
            "id": 207,
            "profile": "ft.D.16",
            "res": 16,
            "subtime": 7867.054153812851,
            "walltime": 200
        },
        {
            "id": 208,
            "profile": "ft.C.8",
            "res": 8,
            "subtime": 7902.7635683055105,
            "walltime": 300
        },
        {
            "id": 209,
            "profile": "lu.B.4",
            "res": 4,
            "subtime": 7921.4684446305555,
            "walltime": 200
        },
        {
            "id": 210,
            "profile": "lu.B.4",
            "res": 4,
            "subtime": 7980.428596186095,
            "walltime": 200
        },
        {
            "id": 211,
            "profile": "ft.D.8",
            "res": 8,
            "subtime": 7993.947985321907,
            "walltime": 300
        },
        {
            "id": 212,
            "profile": "ft.C.16",
            "res": 16,
            "subtime": 8030.807105633451,
            "walltime": 200
        },
        {
            "id": 213,
            "profile": "ft.D.8",
            "res": 8,
            "subtime": 8167.175072314747,
            "walltime": 300
        },
        {
            "id": 214,
            "profile": "ft.C.8",
            "res": 8,
            "subtime": 8339.469591547371,
            "walltime": 300
        },
        {
            "id": 215,
            "profile": "ft.C.8",
            "res": 8,
            "subtime": 8342.341407855105,
            "walltime": 300
        },
        {
            "id": 216,
            "profile": "ft.D.4",
            "res": 4,
            "subtime": 8344.788891239441,
            "walltime": 200
        },
        {
            "id": 217,
            "profile": "ft.C.16",
            "res": 16,
            "subtime": 8363.056005326958,
            "walltime": 200
        },
        {
            "id": 218,
            "profile": "ft.C.4",
            "res": 4,
            "subtime": 8385.61762268011,
            "walltime": 200
        },
        {
            "id": 219,
            "profile": "ft.E.128",
            "res": 128,
            "subtime": 8386.095572524517,
            "walltime": 600
        },
        {
            "id": 220,
            "profile": "ft.D.4",
            "res": 4,
            "subtime": 8404.738735637187,
            "walltime": 200
        },
        {
            "id": 221,
            "profile": "is.D.64",
            "res": 64,
            "subtime": 8411.060972702551,
            "walltime": 200
        },
        {
            "id": 222,
            "profile": "lu.B.4",
            "res": 4,
            "subtime": 8411.069501885979,
            "walltime": 200
        },
        {
            "id": 223,
            "profile": "ft.D.16",
            "res": 16,
            "subtime": 8424.375536047979,
            "walltime": 200
        },
        {
            "id": 224,
            "profile": "is.D.32",
            "res": 32,
            "subtime": 8442.476883359725,
            "walltime": 200
        },
        {
            "id": 225,
            "profile": "is.D.64",
            "res": 64,
            "subtime": 8465.769600167521,
            "walltime": 200
        },
        {
            "id": 226,
            "profile": "ft.D.8",
            "res": 8,
            "subtime": 8475.957896274374,
            "walltime": 300
        },
        {
            "id": 227,
            "profile": "lu.B.4",
            "res": 4,
            "subtime": 8484.382346817922,
            "walltime": 200
        },
        {
            "id": 228,
            "profile": "ft.D.32",
            "res": 32,
            "subtime": 8506.919116249861,
            "walltime": 2400
        },
        {
            "id": 229,
            "profile": "ft.D.16",
            "res": 16,
            "subtime": 8578.373366986303,
            "walltime": 200
        },
        {
            "id": 230,
            "profile": "ft.D.4",
            "res": 4,
            "subtime": 8587.481884878838,
            "walltime": 200
        },
        {
            "id": 231,
            "profile": "ft.D.8",
            "res": 8,
            "subtime": 8610.404771176321,
            "walltime": 300
        },
        {
            "id": 232,
            "profile": "ft.D.8",
            "res": 8,
            "subtime": 8694.282031452594,
            "walltime": 300
        },
        {
            "id": 233,
            "profile": "ft.C.8",
            "res": 8,
            "subtime": 8709.966895030717,
            "walltime": 300
        },
        {
            "id": 234,
            "profile": "is.D.64",
            "res": 64,
            "subtime": 8780.026949041114,
            "walltime": 200
        },
        {
            "id": 235,
            "profile": "lu.B.4",
            "res": 4,
            "subtime": 8790.274668513495,
            "walltime": 200
        },
        {
            "id": 236,
            "profile": "ft.C.4",
            "res": 4,
            "subtime": 8792.406194210964,
            "walltime": 200
        },
        {
            "id": 237,
            "profile": "ft.C.8",
            "res": 8,
            "subtime": 8826.529750507405,
            "walltime": 300
        },
        {
            "id": 238,
            "profile": "ft.D.4",
            "res": 4,
            "subtime": 8896.091677449389,
            "walltime": 200
        },
        {
            "id": 239,
            "profile": "ft.D.16",
            "res": 16,
            "subtime": 9056.954302998287,
            "walltime": 200
        },
        {
            "id": 240,
            "profile": "ft.C.8",
            "res": 8,
            "subtime": 9091.00034253492,
            "walltime": 300
        },
        {
            "id": 241,
            "profile": "lu.B.4",
            "res": 4,
            "subtime": 9121.336080817953,
            "walltime": 200
        },
        {
            "id": 242,
            "profile": "ft.C.8",
            "res": 8,
            "subtime": 9145.036411061688,
            "walltime": 300
        },
        {
            "id": 243,
            "profile": "ft.C.8",
            "res": 8,
            "subtime": 9153.156154325163,
            "walltime": 300
        },
        {
            "id": 244,
            "profile": "lu.B.4",
            "res": 4,
            "subtime": 9173.399495708269,
            "walltime": 200
        },
        {
            "id": 245,
            "profile": "ft.C.4",
            "res": 4,
            "subtime": 9189.23852423436,
            "walltime": 200
        },
        {
            "id": 246,
            "profile": "ft.C.16",
            "res": 16,
            "subtime": 9209.75934086014,
            "walltime": 200
        },
        {
            "id": 247,
            "profile": "ft.D.4",
            "res": 4,
            "subtime": 9226.72265075669,
            "walltime": 200
        },
        {
            "id": 248,
            "profile": "ft.D.8",
            "res": 8,
            "subtime": 9250.071124610624,
            "walltime": 300
        },
        {
            "id": 249,
            "profile": "ft.C.8",
            "res": 8,
            "subtime": 9259.775297898763,
            "walltime": 300
        }
    ],
    "nb_res": 128,
    "profiles": {
        "ft.C.16": {
            "command": "mpirun --mca btl_tcp_if_exclude ib0,ib1,lo,eth2,eth1 --mca btl self,sm,tcp -hostfile \\$OAR_NODEFILE --path $PATH ft.C.16",
            "delay": 113.8,
            "np": 16,
            "runtime": 113.8,
            "type": "delay"
        },
        "ft.C.4": {
            "command": "mpirun --mca btl_tcp_if_exclude ib0,ib1,lo,eth2,eth1 --mca btl self,sm,tcp -hostfile \\$OAR_NODEFILE --path $PATH ft.C.4",
            "delay": 138.16,
            "np": 4,
            "runtime": 138.16,
            "type": "delay"
        },
        "ft.C.8": {
            "command": "mpirun --mca btl_tcp_if_exclude ib0,ib1,lo,eth2,eth1 --mca btl self,sm,tcp -hostfile \\$OAR_NODEFILE --path $PATH ft.C.8",
            "delay": 170.8,
            "np": 8,
            "runtime": 170.8,
            "type": "delay"
        },
        "ft.D.128": {
            "command": "mpirun --mca btl_tcp_if_exclude ib0,ib1,lo,eth2,eth1 --mca btl self,sm,tcp -hostfile \\$OAR_NODEFILE --path $PATH ft.D.128",
            "delay": 411.35,
            "np": 128,
            "runtime": 411.35,
            "type": "delay"
        },
        "ft.D.16": {
            "command": "mpirun --mca btl_tcp_if_exclude ib0,ib1,lo,eth2,eth1 --mca btl self,sm,tcp -hostfile \\$OAR_NODEFILE --path $PATH ft.D.16",
            "delay": 113.94,
            "np": 16,
            "runtime": 113.94,
            "type": "delay"
        },
        "ft.D.32": {
            "command": "mpirun --mca btl_tcp_if_exclude ib0,ib1,lo,eth2,eth1 --mca btl self,sm,tcp -hostfile \\$OAR_NODEFILE --path $PATH ft.D.32",
            "delay": 1446.03,
            "np": 32,
            "runtime": 1446.03,
            "type": "delay"
        },
        "ft.D.4": {
            "command": "mpirun --mca btl_tcp_if_exclude ib0,ib1,lo,eth2,eth1 --mca btl self,sm,tcp -hostfile \\$OAR_NODEFILE --path $PATH ft.D.4",
            "delay": 137.25,
            "np": 4,
            "runtime": 137.25,
            "type": "delay"
        },
        "ft.D.8": {
            "command": "mpirun --mca btl_tcp_if_exclude ib0,ib1,lo,eth2,eth1 --mca btl self,sm,tcp -hostfile \\$OAR_NODEFILE --path $PATH ft.D.8",
            "delay": 172.94,
            "np": 8,
            "runtime": 172.94,
            "type": "delay"
        },
        "ft.E.128": {
            "command": "mpirun --mca btl_tcp_if_exclude ib0,ib1,lo,eth2,eth1 --mca btl self,sm,tcp -hostfile \\$OAR_NODEFILE --path $PATH ft.E.128",
            "delay": 405.83,
            "np": 128,
            "runtime": 405.83,
            "type": "delay"
        },
        "ft.E.32": {
            "command": "mpirun --mca btl_tcp_if_exclude ib0,ib1,lo,eth2,eth1 --mca btl self,sm,tcp -hostfile \\$OAR_NODEFILE --path $PATH ft.E.32",
            "delay": 1440.49,
            "np": 32,
            "runtime": 1440.49,
            "type": "delay"
        },
        "is.D.32": {
            "command": "mpirun --mca btl_tcp_if_exclude ib0,ib1,lo,eth2,eth1 --mca btl self,sm,tcp -hostfile \\$OAR_NODEFILE --path $PATH is.D.32",
            "delay": 135.1,
            "np": 32,
            "runtime": 135.1,
            "type": "delay"
        },
        "is.D.64": {
            "command": "mpirun --mca btl_tcp_if_exclude ib0,ib1,lo,eth2,eth1 --mca btl self,sm,tcp -hostfile \\$OAR_NODEFILE --path $PATH is.D.64",
            "delay": 78.66,
            "np": 64,
            "runtime": 78.66,
            "type": "delay"
        },
        "lu.B.4": {
            "command": "mpirun --mca btl_tcp_if_exclude ib0,ib1,lo,eth2,eth1 --mca btl self,sm,tcp -hostfile \\$OAR_NODEFILE --path $PATH lu.B.4",
            "delay": 88.58,
            "np": 4,
            "runtime": 88.58,
            "type": "delay"
        },
        "lu.C.16": {
            "command": "mpirun --mca btl_tcp_if_exclude ib0,ib1,lo,eth2,eth1 --mca btl self,sm,tcp -hostfile \\$OAR_NODEFILE --path $PATH lu.C.16",
            "delay": 104.88,
            "np": 16,
            "runtime": 104.88,
            "type": "delay"
        }
    }
}