{
    "command": "./json_workload_generator.py core_level_NPB_profile.json workloads/workload_hpc_seed4_jobs250.json 128 --indent 4 --random_seed 4 --job_number 250 --job_log_size_sigma 0.4 --job_iarrival_lambda 40 --job_iarrival_k 1 --maximum_power_of_two 7",
    "date": "2017-06-06 13:26:47.218843",
    "description": "Namespace(indent=4, inputJSON=<_io.TextIOWrapper name='core_level_NPB_profile.json' mode='r' encoding='UTF-8'>, job_iarrival_k=1.0, job_iarrival_lambda=40.0, job_log_size_mu=1, job_log_size_sigma=0.4, job_number=250, maximum_job_length=None, maximum_power_of_two=7, minimum_power_of_two=2, outputJSON=<_io.TextIOWrapper name='workloads/workload_hpc_seed4_jobs250.json' mode='w' encoding='UTF-8'>, random_seed=4, resourcesNumber=128, serial_job_probability=0.25)",
    "jobs": [
        {
            "id": 0,
            "profile": "ft.D.4",
            "res": 4,
            "subtime": 26.070874296324014,
            "walltime": 200
        },
        {
            "id": 1,
            "profile": "ft.C.8",
            "res": 8,
            "subtime": 36.10833189235525,
            "walltime": 300
        },
        {
            "id": 2,
            "profile": "ft.C.8",
            "res": 8,
            "subtime": 106.2572206800851,
            "walltime": 300
        },
        {
            "id": 3,
            "profile": "ft.C.4",
            "res": 4,
            "subtime": 121.09107075373593,
            "walltime": 200
        },
        {
            "id": 4,
            "profile": "ft.D.16",
            "res": 16,
            "subtime": 124.71950478775123,
            "walltime": 200
        },
        {
            "id": 5,
            "profile": "ft.C.8",
            "res": 8,
            "subtime": 132.5498909485146,
            "walltime": 300
        },
        {
            "id": 6,
            "profile": "ft.D.8",
            "res": 8,
            "subtime": 132.83938941572592,
            "walltime": 300
        },
        {
            "id": 7,
            "profile": "ft.D.4",
            "res": 4,
            "subtime": 208.2059835882278,
            "walltime": 200
        },
        {
            "id": 8,
            "profile": "ft.D.8",
            "res": 8,
            "subtime": 230.76400155957614,
            "walltime": 300
        },
        {
            "id": 9,
            "profile": "ft.C.4",
            "res": 4,
            "subtime": 234.14605240187257,
            "walltime": 200
        },
        {
            "id": 10,
            "profile": "ft.D.8",
            "res": 8,
            "subtime": 240.41514102833455,
            "walltime": 300
        },
        {
            "id": 11,
            "profile": "ft.C.8",
            "res": 8,
            "subtime": 280.73155189815884,
            "walltime": 300
        },
        {
            "id": 12,
            "profile": "ft.D.8",
            "res": 8,
            "subtime": 335.6971222407551,
            "walltime": 300
        },
        {
            "id": 13,
            "profile": "ft.D.4",
            "res": 4,
            "subtime": 339.9550971803743,
            "walltime": 200
        },
        {
            "id": 14,
            "profile": "lu.B.4",
            "res": 4,
            "subtime": 378.1804910994095,
            "walltime": 200
        },
        {
            "id": 15,
            "profile": "ft.C.4",
            "res": 4,
            "subtime": 391.9322080546925,
            "walltime": 200
        },
        {
            "id": 16,
            "profile": "ft.C.4",
            "res": 4,
            "subtime": 482.4390156238822,
            "walltime": 200
        },
        {
            "id": 17,
            "profile": "lu.C.16",
            "res": 16,
            "subtime": 528.0218521187975,
            "walltime": 200
        },
        {
            "id": 18,
            "profile": "ft.D.16",
            "res": 16,
            "subtime": 547.2488837296034,
            "walltime": 200
        },
        {
            "id": 19,
            "profile": "ft.C.16",
            "res": 16,
            "subtime": 565.3087117481408,
            "walltime": 200
        },
        {
            "id": 20,
            "profile": "ft.D.8",
            "res": 8,
            "subtime": 800.224158665028,
            "walltime": 300
        },
        {
            "id": 21,
            "profile": "ft.C.8",
            "res": 8,
            "subtime": 822.286766259575,
            "walltime": 300
        },
        {
            "id": 22,
            "profile": "ft.C.8",
            "res": 8,
            "subtime": 853.8933628406744,
            "walltime": 300
        },
        {
            "id": 23,
            "profile": "ft.C.8",
            "res": 8,
            "subtime": 859.110161287169,
            "walltime": 300
        },
        {
            "id": 24,
            "profile": "ft.D.8",
            "res": 8,
            "subtime": 901.2877207658106,
            "walltime": 300
        },
        {
            "id": 25,
            "profile": "ft.D.4",
            "res": 4,
            "subtime": 922.4352553481937,
            "walltime": 200
        },
        {
            "id": 26,
            "profile": "ft.C.4",
            "res": 4,
            "subtime": 964.1361409339186,
            "walltime": 200
        },
        {
            "id": 27,
            "profile": "ft.C.8",
            "res": 8,
            "subtime": 965.4226231621864,
            "walltime": 300
        },
        {
            "id": 28,
            "profile": "ft.C.4",
            "res": 4,
            "subtime": 1024.6144147631512,
            "walltime": 200
        },
        {
            "id": 29,
            "profile": "ft.D.8",
            "res": 8,
            "subtime": 1026.7198130549011,
            "walltime": 300
        },
        {
            "id": 30,
            "profile": "is.D.32",
            "res": 32,
            "subtime": 1047.3507981147168,
            "walltime": 200
        },
        {
            "id": 31,
            "profile": "is.D.64",
            "res": 64,
            "subtime": 1074.6223175797663,
            "walltime": 200
        },
        {
            "id": 32,
            "profile": "lu.B.4",
            "res": 4,
            "subtime": 1166.6305766201021,
            "walltime": 200
        },
        {
            "id": 33,
            "profile": "lu.C.16",
            "res": 16,
            "subtime": 1192.1185744821435,
            "walltime": 200
        },
        {
            "id": 34,
            "profile": "ft.D.16",
            "res": 16,
            "subtime": 1222.1516510789684,
            "walltime": 200
        },
        {
            "id": 35,
            "profile": "ft.D.16",
            "res": 16,
            "subtime": 1238.6833141495906,
            "walltime": 200
        },
        {
            "id": 36,
            "profile": "ft.D.4",
            "res": 4,
            "subtime": 1369.252697791734,
            "walltime": 200
        },
        {
            "id": 37,
            "profile": "ft.C.8",
            "res": 8,
            "subtime": 1427.4905284632762,
            "walltime": 300
        },
        {
            "id": 38,
            "profile": "is.D.64",
            "res": 64,
            "subtime": 1461.175532960585,
            "walltime": 200
        },
        {
            "id": 39,
            "profile": "ft.D.128",
            "res": 128,
            "subtime": 1493.1699571269257,
            "walltime": 600
        },
        {
            "id": 40,
            "profile": "lu.C.16",
            "res": 16,
            "subtime": 1530.658065393514,
            "walltime": 200
        },
        {
            "id": 41,
            "profile": "ft.D.16",
            "res": 16,
            "subtime": 1629.3728946944404,
            "walltime": 200
        },
        {
            "id": 42,
            "profile": "ft.C.8",
            "res": 8,
            "subtime": 1656.2151131732453,
            "walltime": 300
        },
        {
            "id": 43,
            "profile": "ft.D.32",
            "res": 32,
            "subtime": 1657.90537818744,
            "walltime": 2400
        },
        {
            "id": 44,
            "profile": "ft.D.16",
            "res": 16,
            "subtime": 1728.2139577082567,
            "walltime": 200
        },
        {
            "id": 45,
            "profile": "ft.D.4",
            "res": 4,
            "subtime": 1747.8961159988155,
            "walltime": 200
        },
        {
            "id": 46,
            "profile": "ft.D.8",
            "res": 8,
            "subtime": 1776.6326354840123,
            "walltime": 300
        },
        {
            "id": 47,
            "profile": "ft.D.4",
            "res": 4,
            "subtime": 1779.4031176990657,
            "walltime": 200
        },
        {
            "id": 48,
            "profile": "ft.D.16",
            "res": 16,
            "subtime": 1885.6307605332574,
            "walltime": 200
        },
        {
            "id": 49,
            "profile": "ft.C.8",
            "res": 8,
            "subtime": 1904.2140828402123,
            "walltime": 300
        },
        {
            "id": 50,
            "profile": "ft.C.8",
            "res": 8,
            "subtime": 1930.874814072347,
            "walltime": 300
        },
        {
            "id": 51,
            "profile": "ft.C.16",
            "res": 16,
            "subtime": 1960.2931746369231,
            "walltime": 200
        },
        {
            "id": 52,
            "profile": "ft.C.4",
            "res": 4,
            "subtime": 2018.5052234374084,
            "walltime": 200
        },
        {
            "id": 53,
            "profile": "ft.D.16",
            "res": 16,
            "subtime": 2049.9231590317763,
            "walltime": 200
        },
        {
            "id": 54,
            "profile": "is.D.64",
            "res": 64,
            "subtime": 2087.8963319164304,
            "walltime": 200
        },
        {
            "id": 55,
            "profile": "ft.D.8",
            "res": 8,
            "subtime": 2258.348131269031,
            "walltime": 300
        },
        {
            "id": 56,
            "profile": "lu.B.4",
            "res": 4,
            "subtime": 2264.564642943327,
            "walltime": 200
        },
        {
            "id": 57,
            "profile": "ft.D.16",
            "res": 16,
            "subtime": 2273.364938292736,
            "walltime": 200
        },
        {
            "id": 58,
            "profile": "ft.D.32",
            "res": 32,
            "subtime": 2276.5726363272943,
            "walltime": 2400
        },
        {
            "id": 59,
            "profile": "ft.C.4",
            "res": 4,
            "subtime": 2290.872798861764,
            "walltime": 200
        },
        {
            "id": 60,
            "profile": "ft.C.8",
            "res": 8,
            "subtime": 2347.9994587172782,
            "walltime": 300
        },
        {
            "id": 61,
            "profile": "lu.C.16",
            "res": 16,
            "subtime": 2358.0494559685403,
            "walltime": 200
        },
        {
            "id": 62,
            "profile": "is.D.32",
            "res": 32,
            "subtime": 2378.891997472069,
            "walltime": 200
        },
        {
            "id": 63,
            "profile": "is.D.32",
            "res": 32,
            "subtime": 2388.8879027281105,
            "walltime": 200
        },
        {
            "id": 64,
            "profile": "lu.B.4",
            "res": 4,
            "subtime": 2428.3131842574603,
            "walltime": 200
        },
        {
            "id": 65,
            "profile": "ft.D.4",
            "res": 4,
            "subtime": 2441.6634126944614,
            "walltime": 200
        },
        {
            "id": 66,
            "profile": "ft.C.8",
            "res": 8,
            "subtime": 2532.7325562692017,
            "walltime": 300
        },
        {
            "id": 67,
            "profile": "ft.D.8",
            "res": 8,
            "subtime": 2553.4463098590404,
            "walltime": 300
        },
        {
            "id": 68,
            "profile": "ft.C.8",
            "res": 8,
            "subtime": 2577.960307198479,
            "walltime": 300
        },
        {
            "id": 69,
            "profile": "ft.C.4",
            "res": 4,
            "subtime": 2634.312343360735,
            "walltime": 200
        },
        {
            "id": 70,
            "profile": "ft.D.8",
            "res": 8,
            "subtime": 2723.5466818254636,
            "walltime": 300
        },
        {
            "id": 71,
            "profile": "ft.C.8",
            "res": 8,
            "subtime": 2726.409910432309,
            "walltime": 300
        },
        {
            "id": 72,
            "profile": "lu.B.4",
            "res": 4,
            "subtime": 2758.0963813218086,
            "walltime": 200
        },
        {
            "id": 73,
            "profile": "lu.C.16",
            "res": 16,
            "subtime": 2769.3583221774065,
            "walltime": 200
        },
        {
            "id": 74,
            "profile": "ft.D.8",
            "res": 8,
            "subtime": 2772.778194004451,
            "walltime": 300
        },
        {
            "id": 75,
            "profile": "ft.C.8",
            "res": 8,
            "subtime": 2825.348515114614,
            "walltime": 300
        },
        {
            "id": 76,
            "profile": "ft.C.8",
            "res": 8,
            "subtime": 2853.2788591335625,
            "walltime": 300
        },
        {
            "id": 77,
            "profile": "ft.C.8",
            "res": 8,
            "subtime": 2860.4159286885065,
            "walltime": 300
        },
        {
            "id": 78,
            "profile": "is.D.32",
            "res": 32,
            "subtime": 2906.26178691552,
            "walltime": 200
        },
        {
            "id": 79,
            "profile": "ft.D.16",
            "res": 16,
            "subtime": 2908.818628046739,
            "walltime": 200
        },
        {
            "id": 80,
            "profile": "lu.C.16",
            "res": 16,
            "subtime": 2909.5859227390847,
            "walltime": 200
        },
        {
            "id": 81,
            "profile": "lu.C.16",
            "res": 16,
            "subtime": 2909.931935946726,
            "walltime": 200
        },
        {
            "id": 82,
            "profile": "ft.E.32",
            "res": 32,
            "subtime": 3135.442588375166,
            "walltime": 2400
        },
        {
            "id": 83,
            "profile": "ft.C.16",
            "res": 16,
            "subtime": 3207.215279070256,
            "walltime": 200
        },
        {
            "id": 84,
            "profile": "ft.D.8",
            "res": 8,
            "subtime": 3221.777543734731,
            "walltime": 300
        },
        {
            "id": 85,
            "profile": "ft.D.128",
            "res": 128,
            "subtime": 3290.5259966596823,
            "walltime": 600
        },
        {
            "id": 86,
            "profile": "lu.B.4",
            "res": 4,
            "subtime": 3326.2909149890556,
            "walltime": 200
        },
        {
            "id": 87,
            "profile": "ft.D.16",
            "res": 16,
            "subtime": 3392.159611310126,
            "walltime": 200
        },
        {
            "id": 88,
            "profile": "ft.D.4",
            "res": 4,
            "subtime": 3478.073391452942,
            "walltime": 200
        },
        {
            "id": 89,
            "profile": "lu.C.16",
            "res": 16,
            "subtime": 3493.638286630326,
            "walltime": 200
        },
        {
            "id": 90,
            "profile": "ft.C.4",
            "res": 4,
            "subtime": 3501.436840079598,
            "walltime": 200
        },
        {
            "id": 91,
            "profile": "is.D.64",
            "res": 64,
            "subtime": 3510.405036856627,
            "walltime": 200
        },
        {
            "id": 92,
            "profile": "ft.C.16",
            "res": 16,
            "subtime": 3513.3721090176577,
            "walltime": 200
        },
        {
            "id": 93,
            "profile": "ft.C.4",
            "res": 4,
            "subtime": 3601.8860532411927,
            "walltime": 200
        },
        {
            "id": 94,
            "profile": "ft.C.8",
            "res": 8,
            "subtime": 3690.23614214207,
            "walltime": 300
        },
        {
            "id": 95,
            "profile": "ft.E.128",
            "res": 128,
            "subtime": 3768.2868957502133,
            "walltime": 600
        },
        {
            "id": 96,
            "profile": "ft.C.8",
            "res": 8,
            "subtime": 3789.548227475879,
            "walltime": 300
        },
        {
            "id": 97,
            "profile": "lu.C.16",
            "res": 16,
            "subtime": 3802.8484649411976,
            "walltime": 200
        },
        {
            "id": 98,
            "profile": "ft.D.4",
            "res": 4,
            "subtime": 3890.0655547333768,
            "walltime": 200
        },
        {
            "id": 99,
            "profile": "ft.D.16",
            "res": 16,
            "subtime": 4009.818101042224,
            "walltime": 200
        },
        {
            "id": 100,
            "profile": "lu.C.16",
            "res": 16,
            "subtime": 4019.255366835704,
            "walltime": 200
        },
        {
            "id": 101,
            "profile": "ft.D.4",
            "res": 4,
            "subtime": 4031.493054631675,
            "walltime": 200
        },
        {
            "id": 102,
            "profile": "ft.D.8",
            "res": 8,
            "subtime": 4031.81251663913,
            "walltime": 300
        },
        {
            "id": 103,
            "profile": "ft.C.8",
            "res": 8,
            "subtime": 4043.0095818593895,
            "walltime": 300
        },
        {
            "id": 104,
            "profile": "ft.D.16",
            "res": 16,
            "subtime": 4057.0829962913476,
            "walltime": 200
        },
        {
            "id": 105,
            "profile": "ft.C.8",
            "res": 8,
            "subtime": 4100.436420238375,
            "walltime": 300
        },
        {
            "id": 106,
            "profile": "ft.D.32",
            "res": 32,
            "subtime": 4145.591168462463,
            "walltime": 2400
        },
        {
            "id": 107,
            "profile": "lu.B.4",
            "res": 4,
            "subtime": 4161.499422550888,
            "walltime": 200
        },
        {
            "id": 108,
            "profile": "ft.C.4",
            "res": 4,
            "subtime": 4282.494504316832,
            "walltime": 200
        },
        {
            "id": 109,
            "profile": "ft.D.16",
            "res": 16,
            "subtime": 4286.897726471614,
            "walltime": 200
        },
        {
            "id": 110,
            "profile": "ft.D.4",
            "res": 4,
            "subtime": 4323.686617405826,
            "walltime": 200
        },
        {
            "id": 111,
            "profile": "ft.D.8",
            "res": 8,
            "subtime": 4378.144504300435,
            "walltime": 300
        },
        {
            "id": 112,
            "profile": "lu.B.4",
            "res": 4,
            "subtime": 4458.317758790304,
            "walltime": 200
        },
        {
            "id": 113,
            "profile": "ft.C.4",
            "res": 4,
            "subtime": 4573.871824974263,
            "walltime": 200
        },
        {
            "id": 114,
            "profile": "lu.B.4",
            "res": 4,
            "subtime": 4583.433111279838,
            "walltime": 200
        },
        {
            "id": 115,
            "profile": "is.D.64",
            "res": 64,
            "subtime": 4696.756774060585,
            "walltime": 200
        },
        {
            "id": 116,
            "profile": "ft.D.8",
            "res": 8,
            "subtime": 4735.181242385047,
            "walltime": 300
        },
        {
            "id": 117,
            "profile": "ft.D.8",
            "res": 8,
            "subtime": 4744.684816921605,
            "walltime": 300
        },
        {
            "id": 118,
            "profile": "ft.C.4",
            "res": 4,
            "subtime": 4834.705889339502,
            "walltime": 200
        },
        {
            "id": 119,
            "profile": "lu.B.4",
            "res": 4,
            "subtime": 4837.22577949929,
            "walltime": 200
        },
        {
            "id": 120,
            "profile": "ft.D.16",
            "res": 16,
            "subtime": 4873.7996119179725,
            "walltime": 200
        },
        {
            "id": 121,
            "profile": "ft.C.4",
            "res": 4,
            "subtime": 4912.676107801229,
            "walltime": 200
        },
        {
            "id": 122,
            "profile": "ft.D.8",
            "res": 8,
            "subtime": 5018.091314599893,
            "walltime": 300
        },
        {
            "id": 123,
            "profile": "is.D.32",
            "res": 32,
            "subtime": 5128.170040673718,
            "walltime": 200
        },
        {
            "id": 124,
            "profile": "lu.B.4",
            "res": 4,
            "subtime": 5129.47644250662,
            "walltime": 200
        },
        {
            "id": 125,
            "profile": "ft.C.4",
            "res": 4,
            "subtime": 5156.749925663945,
            "walltime": 200
        },
        {
            "id": 126,
            "profile": "ft.C.8",
            "res": 8,
            "subtime": 5162.934833400821,
            "walltime": 300
        },
        {
            "id": 127,
            "profile": "ft.C.16",
            "res": 16,
            "subtime": 5193.882481861888,
            "walltime": 200
        },
        {
            "id": 128,
            "profile": "ft.C.8",
            "res": 8,
            "subtime": 5225.277043588897,
            "walltime": 300
        },
        {
            "id": 129,
            "profile": "ft.D.4",
            "res": 4,
            "subtime": 5310.913588047921,
            "walltime": 200
        },
        {
            "id": 130,
            "profile": "ft.D.4",
            "res": 4,
            "subtime": 5341.0761547468355,
            "walltime": 200
        },
        {
            "id": 131,
            "profile": "ft.C.8",
            "res": 8,
            "subtime": 5354.654516587463,
            "walltime": 300
        },
        {
            "id": 132,
            "profile": "ft.D.8",
            "res": 8,
            "subtime": 5357.645484204468,
            "walltime": 300
        },
        {
            "id": 133,
            "profile": "ft.D.8",
            "res": 8,
            "subtime": 5419.86345806722,
            "walltime": 300
        },
        {
            "id": 134,
            "profile": "ft.C.8",
            "res": 8,
            "subtime": 5428.886627771221,
            "walltime": 300
        },
        {
            "id": 135,
            "profile": "ft.C.8",
            "res": 8,
            "subtime": 5458.519901289306,
            "walltime": 300
        },
        {
            "id": 136,
            "profile": "ft.C.4",
            "res": 4,
            "subtime": 5487.104693598304,
            "walltime": 200
        },
        {
            "id": 137,
            "profile": "ft.C.8",
            "res": 8,
            "subtime": 5493.099377055902,
            "walltime": 300
        },
        {
            "id": 138,
            "profile": "is.D.32",
            "res": 32,
            "subtime": 5509.681730749659,
            "walltime": 200
        },
        {
            "id": 139,
            "profile": "ft.C.4",
            "res": 4,
            "subtime": 5544.386442916099,
            "walltime": 200
        },
        {
            "id": 140,
            "profile": "ft.C.8",
            "res": 8,
            "subtime": 5551.22047942218,
            "walltime": 300
        },
        {
            "id": 141,
            "profile": "ft.D.16",
            "res": 16,
            "subtime": 5610.762464840654,
            "walltime": 200
        },
        {
            "id": 142,
            "profile": "ft.D.4",
            "res": 4,
            "subtime": 5622.1407402760715,
            "walltime": 200
        },
        {
            "id": 143,
            "profile": "ft.D.8",
            "res": 8,
            "subtime": 5876.810019315518,
            "walltime": 300
        },
        {
            "id": 144,
            "profile": "ft.C.8",
            "res": 8,
            "subtime": 5888.934554314751,
            "walltime": 300
        },
        {
            "id": 145,
            "profile": "ft.D.8",
            "res": 8,
            "subtime": 6003.914455944908,
            "walltime": 300
        },
        {
            "id": 146,
            "profile": "ft.D.4",
            "res": 4,
            "subtime": 6079.856304898642,
            "walltime": 200
        },
        {
            "id": 147,
            "profile": "lu.C.16",
            "res": 16,
            "subtime": 6093.672174964181,
            "walltime": 200
        },
        {
            "id": 148,
            "profile": "ft.D.4",
            "res": 4,
            "subtime": 6097.763006433236,
            "walltime": 200
        },
        {
            "id": 149,
            "profile": "ft.D.8",
            "res": 8,
            "subtime": 6101.79241829592,
            "walltime": 300
        },
        {
            "id": 150,
            "profile": "ft.C.8",
            "res": 8,
            "subtime": 6120.457523443064,
            "walltime": 300
        },
        {
            "id": 151,
            "profile": "ft.D.8",
            "res": 8,
            "subtime": 6239.171899697875,
            "walltime": 300
        },
        {
            "id": 152,
            "profile": "ft.D.4",
            "res": 4,
            "subtime": 6301.733614819558,
            "walltime": 200
        },
        {
            "id": 153,
            "profile": "lu.B.4",
            "res": 4,
            "subtime": 6311.808008548966,
            "walltime": 200
        },
        {
            "id": 154,
            "profile": "lu.B.4",
            "res": 4,
            "subtime": 6317.4997185550255,
            "walltime": 200
        },
        {
            "id": 155,
            "profile": "ft.D.4",
            "res": 4,
            "subtime": 6351.520931125942,
            "walltime": 200
        },
        {
            "id": 156,
            "profile": "ft.D.4",
            "res": 4,
            "subtime": 6383.707606561472,
            "walltime": 200
        },
        {
            "id": 157,
            "profile": "ft.C.8",
            "res": 8,
            "subtime": 6387.57260584496,
            "walltime": 300
        },
        {
            "id": 158,
            "profile": "ft.D.8",
            "res": 8,
            "subtime": 6402.865159732954,
            "walltime": 300
        },
        {
            "id": 159,
            "profile": "is.D.64",
            "res": 64,
            "subtime": 6571.746209954546,
            "walltime": 200
        },
        {
            "id": 160,
            "profile": "lu.B.4",
            "res": 4,
            "subtime": 6578.888148523875,
            "walltime": 200
        },
        {
            "id": 161,
            "profile": "ft.C.8",
            "res": 8,
            "subtime": 6608.251165264621,
            "walltime": 300
        },
        {
            "id": 162,
            "profile": "ft.D.16",
            "res": 16,
            "subtime": 6618.778720923293,
            "walltime": 200
        },
        {
            "id": 163,
            "profile": "ft.D.8",
            "res": 8,
            "subtime": 6640.422543577846,
            "walltime": 300
        },
        {
            "id": 164,
            "profile": "ft.C.16",
            "res": 16,
            "subtime": 6713.552442311411,
            "walltime": 200
        },
        {
            "id": 165,
            "profile": "ft.D.8",
            "res": 8,
            "subtime": 6722.333631375168,
            "walltime": 300
        },
        {
            "id": 166,
            "profile": "lu.B.4",
            "res": 4,
            "subtime": 6772.816267804101,
            "walltime": 200
        },
        {
            "id": 167,
            "profile": "ft.D.8",
            "res": 8,
            "subtime": 6832.169459530303,
            "walltime": 300
        },
        {
            "id": 168,
            "profile": "ft.C.4",
            "res": 4,
            "subtime": 6886.417428529129,
            "walltime": 200
        },
        {
            "id": 169,
            "profile": "ft.C.8",
            "res": 8,
            "subtime": 6972.184311138464,
            "walltime": 300
        },
        {
            "id": 170,
            "profile": "ft.D.8",
            "res": 8,
            "subtime": 7096.569497091007,
            "walltime": 300
        },
        {
            "id": 171,
            "profile": "ft.C.16",
            "res": 16,
            "subtime": 7096.651233788149,
            "walltime": 200
        },
        {
            "id": 172,
            "profile": "ft.D.4",
            "res": 4,
            "subtime": 7164.603715723183,
            "walltime": 200
        },
        {
            "id": 173,
            "profile": "ft.E.32",
            "res": 32,
            "subtime": 7227.845899977457,
            "walltime": 2400
        },
        {
            "id": 174,
            "profile": "ft.C.8",
            "res": 8,
            "subtime": 7278.975377136746,
            "walltime": 300
        },
        {
            "id": 175,
            "profile": "ft.C.8",
            "res": 8,
            "subtime": 7310.421902347207,
            "walltime": 300
        },
        {
            "id": 176,
            "profile": "ft.C.4",
            "res": 4,
            "subtime": 7339.228966526159,
            "walltime": 200
        },
        {
            "id": 177,
            "profile": "ft.D.8",
            "res": 8,
            "subtime": 7373.357095636667,
            "walltime": 300
        },
        {
            "id": 178,
            "profile": "ft.D.8",
            "res": 8,
            "subtime": 7416.525613795509,
            "walltime": 300
        },
        {
            "id": 179,
            "profile": "ft.D.16",
            "res": 16,
            "subtime": 7420.567249779731,
            "walltime": 200
        },
        {
            "id": 180,
            "profile": "lu.C.16",
            "res": 16,
            "subtime": 7422.898891276216,
            "walltime": 200
        },
        {
            "id": 181,
            "profile": "ft.C.8",
            "res": 8,
            "subtime": 7424.9782923397115,
            "walltime": 300
        },
        {
            "id": 182,
            "profile": "lu.C.16",
            "res": 16,
            "subtime": 7475.503288574103,
            "walltime": 200
        },
        {
            "id": 183,
            "profile": "lu.C.16",
            "res": 16,
            "subtime": 7497.849713110204,
            "walltime": 200
        },
        {
            "id": 184,
            "profile": "ft.C.4",
            "res": 4,
            "subtime": 7537.673688136687,
            "walltime": 200
        },
        {
            "id": 185,
            "profile": "ft.D.16",
            "res": 16,
            "subtime": 7614.977965748715,
            "walltime": 200
        },
        {
            "id": 186,
            "profile": "ft.C.4",
            "res": 4,
            "subtime": 7692.305296368205,
            "walltime": 200
        },
        {
            "id": 187,
            "profile": "ft.D.4",
            "res": 4,
            "subtime": 7712.623430878543,
            "walltime": 200
        },
        {
            "id": 188,
            "profile": "ft.D.16",
            "res": 16,
            "subtime": 7774.2178029300185,
            "walltime": 200
        },
        {
            "id": 189,
            "profile": "ft.C.8",
            "res": 8,
            "subtime": 7883.817711490229,
            "walltime": 300
        },
        {
            "id": 190,
            "profile": "lu.B.4",
            "res": 4,
            "subtime": 7891.945348138064,
            "walltime": 200
        },
        {
            "id": 191,
            "profile": "ft.C.16",
            "res": 16,
            "subtime": 7923.070670616743,
            "walltime": 200
        },
        {
            "id": 192,
            "profile": "ft.C.4",
            "res": 4,
            "subtime": 7951.233553914474,
            "walltime": 200
        },
        {
            "id": 193,
            "profile": "ft.C.16",
            "res": 16,
            "subtime": 7964.299858682118,
            "walltime": 200
        },
        {
            "id": 194,
            "profile": "ft.D.8",
            "res": 8,
            "subtime": 7964.553675372724,
            "walltime": 300
        },
        {
            "id": 195,
            "profile": "ft.C.4",
            "res": 4,
            "subtime": 8017.837632462993,
            "walltime": 200
        },
        {
            "id": 196,
            "profile": "ft.C.8",
            "res": 8,
            "subtime": 8093.58569867313,
            "walltime": 300
        },
        {
            "id": 197,
            "profile": "ft.C.8",
            "res": 8,
            "subtime": 8109.832256045387,
            "walltime": 300
        },
        {
            "id": 198,
            "profile": "lu.C.16",
            "res": 16,
            "subtime": 8125.417646920276,
            "walltime": 200
        },
        {
            "id": 199,
            "profile": "lu.C.16",
            "res": 16,
            "subtime": 8154.254218728951,
            "walltime": 200
        },
        {
            "id": 200,
            "profile": "ft.D.16",
            "res": 16,
            "subtime": 8336.638061693362,
            "walltime": 200
        },
        {
            "id": 201,
            "profile": "ft.D.4",
            "res": 4,
            "subtime": 8348.68975771494,
            "walltime": 200
        },
        {
            "id": 202,
            "profile": "ft.E.32",
            "res": 32,
            "subtime": 8396.4441867771,
            "walltime": 2400
        },
        {
            "id": 203,
            "profile": "ft.C.8",
            "res": 8,
            "subtime": 8433.259813098774,
            "walltime": 300
        },
        {
            "id": 204,
            "profile": "ft.C.8",
            "res": 8,
            "subtime": 8478.328170684024,
            "walltime": 300
        },
        {
            "id": 205,
            "profile": "ft.C.8",
            "res": 8,
            "subtime": 8517.765556709985,
            "walltime": 300
        },
        {
            "id": 206,
            "profile": "ft.D.8",
            "res": 8,
            "subtime": 8567.9666171183,
            "walltime": 300
        },
        {
            "id": 207,
            "profile": "ft.D.8",
            "res": 8,
            "subtime": 8590.886437047004,
            "walltime": 300
        },
        {
            "id": 208,
            "profile": "ft.C.8",
            "res": 8,
            "subtime": 8651.171429959506,
            "walltime": 300
        },
        {
            "id": 209,
            "profile": "ft.C.8",
            "res": 8,
            "subtime": 8681.449088080362,
            "walltime": 300
        },
        {
            "id": 210,
            "profile": "ft.C.4",
            "res": 4,
            "subtime": 8686.870332889965,
            "walltime": 200
        },
        {
            "id": 211,
            "profile": "ft.D.4",
            "res": 4,
            "subtime": 8709.938092040347,
            "walltime": 200
        },
        {
            "id": 212,
            "profile": "ft.C.8",
            "res": 8,
            "subtime": 8715.885289488771,
            "walltime": 300
        },
        {
            "id": 213,
            "profile": "ft.C.4",
            "res": 4,
            "subtime": 8766.566970208818,
            "walltime": 200
        },
        {
            "id": 214,
            "profile": "ft.E.32",
            "res": 32,
            "subtime": 8784.89314549949,
            "walltime": 2400
        },
        {
            "id": 215,
            "profile": "ft.C.8",
            "res": 8,
            "subtime": 8791.304603916258,
            "walltime": 300
        },
        {
            "id": 216,
            "profile": "ft.C.8",
            "res": 8,
            "subtime": 8793.901300084646,
            "walltime": 300
        },
        {
            "id": 217,
            "profile": "ft.D.32",
            "res": 32,
            "subtime": 8887.850548708098,
            "walltime": 2400
        },
        {
            "id": 218,
            "profile": "ft.C.16",
            "res": 16,
            "subtime": 9041.772905243626,
            "walltime": 200
        },
        {
            "id": 219,
            "profile": "ft.D.4",
            "res": 4,
            "subtime": 9049.072454158957,
            "walltime": 200
        },
        {
            "id": 220,
            "profile": "ft.C.4",
            "res": 4,
            "subtime": 9089.313243425837,
            "walltime": 200
        },
        {
            "id": 221,
            "profile": "ft.D.4",
            "res": 4,
            "subtime": 9106.062244314906,
            "walltime": 200
        },
        {
            "id": 222,
            "profile": "ft.D.8",
            "res": 8,
            "subtime": 9139.209692997278,
            "walltime": 300
        },
        {
            "id": 223,
            "profile": "ft.D.4",
            "res": 4,
            "subtime": 9217.978150072015,
            "walltime": 200
        },
        {
            "id": 224,
            "profile": "ft.D.4",
            "res": 4,
            "subtime": 9247.464112421523,
            "walltime": 200
        },
        {
            "id": 225,
            "profile": "ft.C.4",
            "res": 4,
            "subtime": 9292.234908586273,
            "walltime": 200
        },
        {
            "id": 226,
            "profile": "ft.D.8",
            "res": 8,
            "subtime": 9375.424796506275,
            "walltime": 300
        },
        {
            "id": 227,
            "profile": "ft.C.8",
            "res": 8,
            "subtime": 9389.448990482337,
            "walltime": 300
        },
        {
            "id": 228,
            "profile": "ft.D.16",
            "res": 16,
            "subtime": 9401.555457090128,
            "walltime": 200
        },
        {
            "id": 229,
            "profile": "ft.C.8",
            "res": 8,
            "subtime": 9417.346262396442,
            "walltime": 300
        },
        {
            "id": 230,
            "profile": "ft.D.8",
            "res": 8,
            "subtime": 9423.457918075925,
            "walltime": 300
        },
        {
            "id": 231,
            "profile": "ft.C.4",
            "res": 4,
            "subtime": 9609.152379491967,
            "walltime": 200
        },
        {
            "id": 232,
            "profile": "ft.E.32",
            "res": 32,
            "subtime": 9622.774041398307,
            "walltime": 2400
        },
        {
            "id": 233,
            "profile": "ft.D.8",
            "res": 8,
            "subtime": 9632.810483347312,
            "walltime": 300
        },
        {
            "id": 234,
            "profile": "ft.D.4",
            "res": 4,
            "subtime": 9688.134177349333,
            "walltime": 200
        },
        {
            "id": 235,
            "profile": "ft.C.16",
            "res": 16,
            "subtime": 9697.147806401399,
            "walltime": 200
        },
        {
            "id": 236,
            "profile": "ft.C.4",
            "res": 4,
            "subtime": 9699.729707818791,
            "walltime": 200
        },
        {
            "id": 237,
            "profile": "lu.B.4",
            "res": 4,
            "subtime": 9814.503394510992,
            "walltime": 200
        },
        {
            "id": 238,
            "profile": "ft.D.4",
            "res": 4,
            "subtime": 9833.015333031866,
            "walltime": 200
        },
        {
            "id": 239,
            "profile": "ft.D.32",
            "res": 32,
            "subtime": 9850.749924778438,
            "walltime": 2400
        },
        {
            "id": 240,
            "profile": "ft.D.8",
            "res": 8,
            "subtime": 9895.089760628152,
            "walltime": 300
        },
        {
            "id": 241,
            "profile": "ft.C.8",
            "res": 8,
            "subtime": 9900.452126629089,
            "walltime": 300
        },
        {
            "id": 242,
            "profile": "ft.C.8",
            "res": 8,
            "subtime": 9972.844622701175,
            "walltime": 300
        },
        {
            "id": 243,
            "profile": "is.D.32",
            "res": 32,
            "subtime": 10014.780435780633,
            "walltime": 200
        },
        {
            "id": 244,
            "profile": "is.D.64",
            "res": 64,
            "subtime": 10065.680640530916,
            "walltime": 200
        },
        {
            "id": 245,
            "profile": "ft.D.16",
            "res": 16,
            "subtime": 10071.241947869921,
            "walltime": 200
        },
        {
            "id": 246,
            "profile": "ft.D.8",
            "res": 8,
            "subtime": 10077.972354359788,
            "walltime": 300
        },
        {
            "id": 247,
            "profile": "lu.B.4",
            "res": 4,
            "subtime": 10091.580868965422,
            "walltime": 200
        },
        {
            "id": 248,
            "profile": "is.D.32",
            "res": 32,
            "subtime": 10094.48168958158,
            "walltime": 200
        },
        {
            "id": 249,
            "profile": "ft.D.128",
            "res": 128,
            "subtime": 10095.70342055278,
            "walltime": 600
        }
    ],
    "nb_res": 128,
    "profiles": {
        "ft.C.16": {
            "command": "mpirun --mca btl_tcp_if_exclude ib0,ib1,lo,eth2,eth1 --mca btl self,sm,tcp -hostfile \\$OAR_NODEFILE --path $PATH ft.C.16",
            "delay": 113.8,
            "np": 16,
            "runtime": 113.8,
            "type": "delay"
        },
        "ft.C.4": {
            "command": "mpirun --mca btl_tcp_if_exclude ib0,ib1,lo,eth2,eth1 --mca btl self,sm,tcp -hostfile \\$OAR_NODEFILE --path $PATH ft.C.4",
            "delay": 138.16,
            "np": 4,
            "runtime": 138.16,
            "type": "delay"
        },
        "ft.C.8": {
            "command": "mpirun --mca btl_tcp_if_exclude ib0,ib1,lo,eth2,eth1 --mca btl self,sm,tcp -hostfile \\$OAR_NODEFILE --path $PATH ft.C.8",
            "delay": 170.8,
            "np": 8,
            "runtime": 170.8,
            "type": "delay"
        },
        "ft.D.128": {
            "command": "mpirun --mca btl_tcp_if_exclude ib0,ib1,lo,eth2,eth1 --mca btl self,sm,tcp -hostfile \\$OAR_NODEFILE --path $PATH ft.D.128",
            "delay": 411.35,
            "np": 128,
            "runtime": 411.35,
            "type": "delay"
        },
        "ft.D.16": {
            "command": "mpirun --mca btl_tcp_if_exclude ib0,ib1,lo,eth2,eth1 --mca btl self,sm,tcp -hostfile \\$OAR_NODEFILE --path $PATH ft.D.16",
            "delay": 113.94,
            "np": 16,
            "runtime": 113.94,
            "type": "delay"
        },
        "ft.D.32": {
            "command": "mpirun --mca btl_tcp_if_exclude ib0,ib1,lo,eth2,eth1 --mca btl self,sm,tcp -hostfile \\$OAR_NODEFILE --path $PATH ft.D.32",
            "delay": 1446.03,
            "np": 32,
            "runtime": 1446.03,
            "type": "delay"
        },
        "ft.D.4": {
            "command": "mpirun --mca btl_tcp_if_exclude ib0,ib1,lo,eth2,eth1 --mca btl self,sm,tcp -hostfile \\$OAR_NODEFILE --path $PATH ft.D.4",
            "delay": 137.25,
            "np": 4,
            "runtime": 137.25,
            "type": "delay"
        },
        "ft.D.8": {
            "command": "mpirun --mca btl_tcp_if_exclude ib0,ib1,lo,eth2,eth1 --mca btl self,sm,tcp -hostfile \\$OAR_NODEFILE --path $PATH ft.D.8",
            "delay": 172.94,
            "np": 8,
            "runtime": 172.94,
            "type": "delay"
        },
        "ft.E.128": {
            "command": "mpirun --mca btl_tcp_if_exclude ib0,ib1,lo,eth2,eth1 --mca btl self,sm,tcp -hostfile \\$OAR_NODEFILE --path $PATH ft.E.128",
            "delay": 405.83,
            "np": 128,
            "runtime": 405.83,
            "type": "delay"
        },
        "ft.E.32": {
            "command": "mpirun --mca btl_tcp_if_exclude ib0,ib1,lo,eth2,eth1 --mca btl self,sm,tcp -hostfile \\$OAR_NODEFILE --path $PATH ft.E.32",
            "delay": 1440.49,
            "np": 32,
            "runtime": 1440.49,
            "type": "delay"
        },
        "is.D.32": {
            "command": "mpirun --mca btl_tcp_if_exclude ib0,ib1,lo,eth2,eth1 --mca btl self,sm,tcp -hostfile \\$OAR_NODEFILE --path $PATH is.D.32",
            "delay": 135.1,
            "np": 32,
            "runtime": 135.1,
            "type": "delay"
        },
        "is.D.64": {
            "command": "mpirun --mca btl_tcp_if_exclude ib0,ib1,lo,eth2,eth1 --mca btl self,sm,tcp -hostfile \\$OAR_NODEFILE --path $PATH is.D.64",
            "delay": 78.66,
            "np": 64,
            "runtime": 78.66,
            "type": "delay"
        },
        "lu.B.4": {
            "command": "mpirun --mca btl_tcp_if_exclude ib0,ib1,lo,eth2,eth1 --mca btl self,sm,tcp -hostfile \\$OAR_NODEFILE --path $PATH lu.B.4",
            "delay": 88.58,
            "np": 4,
            "runtime": 88.58,
            "type": "delay"
        },
        "lu.C.16": {
            "command": "mpirun --mca btl_tcp_if_exclude ib0,ib1,lo,eth2,eth1 --mca btl self,sm,tcp -hostfile \\$OAR_NODEFILE --path $PATH lu.C.16",
            "delay": 104.88,
            "np": 16,
            "runtime": 104.88,
            "type": "delay"
        }
    }
}