{
    "command": "./json_workload_generator.py core_level_NPB_profile.json workloads/workload_hpc_seed5_jobs250.json 128 --indent 4 --random_seed 5 --job_number 250 --job_log_size_sigma 0.4 --job_iarrival_lambda 40 --job_iarrival_k 1 --maximum_power_of_two 7",
    "date": "2017-06-06 13:26:47.268213",
    "description": "Namespace(indent=4, inputJSON=<_io.TextIOWrapper name='core_level_NPB_profile.json' mode='r' encoding='UTF-8'>, job_iarrival_k=1.0, job_iarrival_lambda=40.0, job_log_size_mu=1, job_log_size_sigma=0.4, job_number=250, maximum_job_length=None, maximum_power_of_two=7, minimum_power_of_two=2, outputJSON=<_io.TextIOWrapper name='workloads/workload_hpc_seed5_jobs250.json' mode='w' encoding='UTF-8'>, random_seed=5, resourcesNumber=128, serial_job_probability=0.25)",
    "jobs": [
        {
            "id": 0,
            "profile": "lu.C.16",
            "res": 16,
            "subtime": 114.20424299166623,
            "walltime": 200
        },
        {
            "id": 1,
            "profile": "ft.C.8",
            "res": 8,
            "subtime": 148.33135842106157,
            "walltime": 300
        },
        {
            "id": 2,
            "profile": "ft.C.8",
            "res": 8,
            "subtime": 154.30698567765532,
            "walltime": 300
        },
        {
            "id": 3,
            "profile": "ft.C.8",
            "res": 8,
            "subtime": 297.81378450955157,
            "walltime": 300
        },
        {
            "id": 4,
            "profile": "ft.C.4",
            "res": 4,
            "subtime": 328.8074685738193,
            "walltime": 200
        },
        {
            "id": 5,
            "profile": "ft.C.8",
            "res": 8,
            "subtime": 464.7327268112279,
            "walltime": 300
        },
        {
            "id": 6,
            "profile": "ft.D.16",
            "res": 16,
            "subtime": 486.1720858973197,
            "walltime": 200
        },
        {
            "id": 7,
            "profile": "ft.D.16",
            "res": 16,
            "subtime": 500.5168220477898,
            "walltime": 200
        },
        {
            "id": 8,
            "profile": "ft.D.8",
            "res": 8,
            "subtime": 518.078816072232,
            "walltime": 300
        },
        {
            "id": 9,
            "profile": "ft.C.4",
            "res": 4,
            "subtime": 544.3297067562373,
            "walltime": 200
        },
        {
            "id": 10,
            "profile": "ft.C.8",
            "res": 8,
            "subtime": 663.5401903451731,
            "walltime": 300
        },
        {
            "id": 11,
            "profile": "lu.B.4",
            "res": 4,
            "subtime": 725.5376043606734,
            "walltime": 200
        },
        {
            "id": 12,
            "profile": "ft.C.4",
            "res": 4,
            "subtime": 749.6568676153358,
            "walltime": 200
        },
        {
            "id": 13,
            "profile": "ft.C.16",
            "res": 16,
            "subtime": 754.7257070998809,
            "walltime": 200
        },
        {
            "id": 14,
            "profile": "ft.D.8",
            "res": 8,
            "subtime": 814.4992486963345,
            "walltime": 300
        },
        {
            "id": 15,
            "profile": "lu.B.4",
            "res": 4,
            "subtime": 832.5151632145095,
            "walltime": 200
        },
        {
            "id": 16,
            "profile": "lu.B.4",
            "res": 4,
            "subtime": 864.0261422224917,
            "walltime": 200
        },
        {
            "id": 17,
            "profile": "ft.C.4",
            "res": 4,
            "subtime": 928.1591310942189,
            "walltime": 200
        },
        {
            "id": 18,
            "profile": "ft.D.16",
            "res": 16,
            "subtime": 1157.0387959122204,
            "walltime": 200
        },
        {
            "id": 19,
            "profile": "lu.B.4",
            "res": 4,
            "subtime": 1173.8923878670641,
            "walltime": 200
        },
        {
            "id": 20,
            "profile": "ft.C.4",
            "res": 4,
            "subtime": 1176.1851488380594,
            "walltime": 200
        },
        {
            "id": 21,
            "profile": "ft.C.8",
            "res": 8,
            "subtime": 1335.3554588748368,
            "walltime": 300
        },
        {
            "id": 22,
            "profile": "ft.D.8",
            "res": 8,
            "subtime": 1339.8656641820644,
            "walltime": 300
        },
        {
            "id": 23,
            "profile": "ft.D.8",
            "res": 8,
            "subtime": 1353.8373505212203,
            "walltime": 300
        },
        {
            "id": 24,
            "profile": "ft.D.8",
            "res": 8,
            "subtime": 1379.9208192713788,
            "walltime": 300
        },
        {
            "id": 25,
            "profile": "ft.C.4",
            "res": 4,
            "subtime": 1384.6974096480478,
            "walltime": 200
        },
        {
            "id": 26,
            "profile": "ft.C.16",
            "res": 16,
            "subtime": 1424.1407277319886,
            "walltime": 200
        },
        {
            "id": 27,
            "profile": "ft.C.8",
            "res": 8,
            "subtime": 1451.220818165287,
            "walltime": 300
        },
        {
            "id": 28,
            "profile": "ft.D.8",
            "res": 8,
            "subtime": 1453.8283426076384,
            "walltime": 300
        },
        {
            "id": 29,
            "profile": "lu.C.16",
            "res": 16,
            "subtime": 1497.456303258743,
            "walltime": 200
        },
        {
            "id": 30,
            "profile": "lu.C.16",
            "res": 16,
            "subtime": 1541.5981864357086,
            "walltime": 200
        },
        {
            "id": 31,
            "profile": "lu.C.16",
            "res": 16,
            "subtime": 1591.9473566990137,
            "walltime": 200
        },
        {
            "id": 32,
            "profile": "ft.C.16",
            "res": 16,
            "subtime": 1626.7103648139305,
            "walltime": 200
        },
        {
            "id": 33,
            "profile": "ft.D.4",
            "res": 4,
            "subtime": 1640.3439199938246,
            "walltime": 200
        },
        {
            "id": 34,
            "profile": "ft.D.8",
            "res": 8,
            "subtime": 1657.4452639064318,
            "walltime": 300
        },
        {
            "id": 35,
            "profile": "ft.D.16",
            "res": 16,
            "subtime": 1674.6793591961691,
            "walltime": 200
        },
        {
            "id": 36,
            "profile": "is.D.32",
            "res": 32,
            "subtime": 1831.5720351873233,
            "walltime": 200
        },
        {
            "id": 37,
            "profile": "ft.D.4",
            "res": 4,
            "subtime": 1844.8713026580508,
            "walltime": 200
        },
        {
            "id": 38,
            "profile": "lu.B.4",
            "res": 4,
            "subtime": 1873.9357539188932,
            "walltime": 200
        },
        {
            "id": 39,
            "profile": "lu.C.16",
            "res": 16,
            "subtime": 1933.5494937837582,
            "walltime": 200
        },
        {
            "id": 40,
            "profile": "ft.C.16",
            "res": 16,
            "subtime": 1942.255781780149,
            "walltime": 200
        },
        {
            "id": 41,
            "profile": "ft.C.8",
            "res": 8,
            "subtime": 1952.1449416317694,
            "walltime": 300
        },
        {
            "id": 42,
            "profile": "ft.C.16",
            "res": 16,
            "subtime": 2124.2540248873775,
            "walltime": 200
        },
        {
            "id": 43,
            "profile": "is.D.32",
            "res": 32,
            "subtime": 2125.7063772631163,
            "walltime": 200
        },
        {
            "id": 44,
            "profile": "ft.C.8",
            "res": 8,
            "subtime": 2161.386344486143,
            "walltime": 300
        },
        {
            "id": 45,
            "profile": "ft.D.4",
            "res": 4,
            "subtime": 2238.863689263993,
            "walltime": 200
        },
        {
            "id": 46,
            "profile": "is.D.64",
            "res": 64,
            "subtime": 2372.2471314034487,
            "walltime": 200
        },
        {
            "id": 47,
            "profile": "ft.D.8",
            "res": 8,
            "subtime": 2403.764867061016,
            "walltime": 300
        },
        {
            "id": 48,
            "profile": "ft.D.4",
            "res": 4,
            "subtime": 2472.029700803437,
            "walltime": 200
        },
        {
            "id": 49,
            "profile": "lu.B.4",
            "res": 4,
            "subtime": 2502.950721576963,
            "walltime": 200
        },
        {
            "id": 50,
            "profile": "ft.D.8",
            "res": 8,
            "subtime": 2536.1423220129573,
            "walltime": 300
        },
        {
            "id": 51,
            "profile": "ft.C.8",
            "res": 8,
            "subtime": 2555.383534484507,
            "walltime": 300
        },
        {
            "id": 52,
            "profile": "ft.D.8",
            "res": 8,
            "subtime": 2577.812252651153,
            "walltime": 300
        },
        {
            "id": 53,
            "profile": "ft.E.32",
            "res": 32,
            "subtime": 2721.489081883871,
            "walltime": 2400
        },
        {
            "id": 54,
            "profile": "ft.E.32",
            "res": 32,
            "subtime": 2775.5302205970565,
            "walltime": 2400
        },
        {
            "id": 55,
            "profile": "ft.C.4",
            "res": 4,
            "subtime": 2790.90690077845,
            "walltime": 200
        },
        {
            "id": 56,
            "profile": "ft.E.32",
            "res": 32,
            "subtime": 2797.093199249647,
            "walltime": 2400
        },
        {
            "id": 57,
            "profile": "ft.C.16",
            "res": 16,
            "subtime": 2857.969753694434,
            "walltime": 200
        },
        {
            "id": 58,
            "profile": "ft.D.8",
            "res": 8,
            "subtime": 2918.883145474287,
            "walltime": 300
        },
        {
            "id": 59,
            "profile": "ft.C.4",
            "res": 4,
            "subtime": 2970.010356720349,
            "walltime": 200
        },
        {
            "id": 60,
            "profile": "ft.D.4",
            "res": 4,
            "subtime": 2999.2209865826517,
            "walltime": 200
        },
        {
            "id": 61,
            "profile": "lu.B.4",
            "res": 4,
            "subtime": 3015.607240486681,
            "walltime": 200
        },
        {
            "id": 62,
            "profile": "ft.D.4",
            "res": 4,
            "subtime": 3032.824082497149,
            "walltime": 200
        },
        {
            "id": 63,
            "profile": "ft.D.32",
            "res": 32,
            "subtime": 3034.308443072925,
            "walltime": 2400
        },
        {
            "id": 64,
            "profile": "ft.C.4",
            "res": 4,
            "subtime": 3121.8574820920585,
            "walltime": 200
        },
        {
            "id": 65,
            "profile": "ft.D.8",
            "res": 8,
            "subtime": 3158.001553363385,
            "walltime": 300
        },
        {
            "id": 66,
            "profile": "is.D.64",
            "res": 64,
            "subtime": 3183.830707682297,
            "walltime": 200
        },
        {
            "id": 67,
            "profile": "ft.D.16",
            "res": 16,
            "subtime": 3208.8565794298042,
            "walltime": 200
        },
        {
            "id": 68,
            "profile": "ft.C.16",
            "res": 16,
            "subtime": 3256.304709227579,
            "walltime": 200
        },
        {
            "id": 69,
            "profile": "ft.D.8",
            "res": 8,
            "subtime": 3352.9239407000728,
            "walltime": 300
        },
        {
            "id": 70,
            "profile": "lu.B.4",
            "res": 4,
            "subtime": 3440.741397976983,
            "walltime": 200
        },
        {
            "id": 71,
            "profile": "ft.E.32",
            "res": 32,
            "subtime": 3476.0026963621635,
            "walltime": 2400
        },
        {
            "id": 72,
            "profile": "ft.D.32",
            "res": 32,
            "subtime": 3492.204400107085,
            "walltime": 2400
        },
        {
            "id": 73,
            "profile": "ft.D.8",
            "res": 8,
            "subtime": 3540.5300794679797,
            "walltime": 300
        },
        {
            "id": 74,
            "profile": "ft.C.4",
            "res": 4,
            "subtime": 3590.383497461694,
            "walltime": 200
        },
        {
            "id": 75,
            "profile": "ft.D.4",
            "res": 4,
            "subtime": 3596.8715510465818,
            "walltime": 200
        },
        {
            "id": 76,
            "profile": "ft.C.8",
            "res": 8,
            "subtime": 3599.655327475934,
            "walltime": 300
        },
        {
            "id": 77,
            "profile": "lu.B.4",
            "res": 4,
            "subtime": 3618.725119050704,
            "walltime": 200
        },
        {
            "id": 78,
            "profile": "ft.C.8",
            "res": 8,
            "subtime": 3619.1258757351343,
            "walltime": 300
        },
        {
            "id": 79,
            "profile": "ft.D.8",
            "res": 8,
            "subtime": 3717.6336072359477,
            "walltime": 300
        },
        {
            "id": 80,
            "profile": "lu.B.4",
            "res": 4,
            "subtime": 3757.5494697091226,
            "walltime": 200
        },
        {
            "id": 81,
            "profile": "ft.C.8",
            "res": 8,
            "subtime": 3769.7695580870327,
            "walltime": 300
        },
        {
            "id": 82,
            "profile": "ft.D.8",
            "res": 8,
            "subtime": 3798.8787474478554,
            "walltime": 300
        },
        {
            "id": 83,
            "profile": "ft.D.4",
            "res": 4,
            "subtime": 3823.0357473377203,
            "walltime": 200
        },
        {
            "id": 84,
            "profile": "ft.C.4",
            "res": 4,
            "subtime": 3865.605775193326,
            "walltime": 200
        },
        {
            "id": 85,
            "profile": "ft.D.8",
            "res": 8,
            "subtime": 3891.79884472238,
            "walltime": 300
        },
        {
            "id": 86,
            "profile": "lu.B.4",
            "res": 4,
            "subtime": 3918.8461770010636,
            "walltime": 200
        },
        {
            "id": 87,
            "profile": "ft.D.4",
            "res": 4,
            "subtime": 3935.0606863668354,
            "walltime": 200
        },
        {
            "id": 88,
            "profile": "ft.D.8",
            "res": 8,
            "subtime": 3954.0622263841824,
            "walltime": 300
        },
        {
            "id": 89,
            "profile": "ft.D.8",
            "res": 8,
            "subtime": 4019.350673991292,
            "walltime": 300
        },
        {
            "id": 90,
            "profile": "lu.B.4",
            "res": 4,
            "subtime": 4020.831783312332,
            "walltime": 200
        },
        {
            "id": 91,
            "profile": "ft.D.4",
            "res": 4,
            "subtime": 4064.1311882511836,
            "walltime": 200
        },
        {
            "id": 92,
            "profile": "ft.D.4",
            "res": 4,
            "subtime": 4152.34113422998,
            "walltime": 200
        },
        {
            "id": 93,
            "profile": "ft.D.8",
            "res": 8,
            "subtime": 4177.129418381446,
            "walltime": 300
        },
        {
            "id": 94,
            "profile": "lu.C.16",
            "res": 16,
            "subtime": 4188.854203625013,
            "walltime": 200
        },
        {
            "id": 95,
            "profile": "ft.D.4",
            "res": 4,
            "subtime": 4233.442165046633,
            "walltime": 200
        },
        {
            "id": 96,
            "profile": "ft.D.4",
            "res": 4,
            "subtime": 4344.62963170787,
            "walltime": 200
        },
        {
            "id": 97,
            "profile": "ft.D.16",
            "res": 16,
            "subtime": 4420.195155223181,
            "walltime": 200
        },
        {
            "id": 98,
            "profile": "ft.C.4",
            "res": 4,
            "subtime": 4472.464623427531,
            "walltime": 200
        },
        {
            "id": 99,
            "profile": "ft.C.4",
            "res": 4,
            "subtime": 4506.664930989992,
            "walltime": 200
        },
        {
            "id": 100,
            "profile": "lu.C.16",
            "res": 16,
            "subtime": 4524.783121576777,
            "walltime": 200
        },
        {
            "id": 101,
            "profile": "ft.D.4",
            "res": 4,
            "subtime": 4527.551923195567,
            "walltime": 200
        },
        {
            "id": 102,
            "profile": "ft.C.8",
            "res": 8,
            "subtime": 4640.410841532421,
            "walltime": 300
        },
        {
            "id": 103,
            "profile": "ft.D.8",
            "res": 8,
            "subtime": 4640.6625391501375,
            "walltime": 300
        },
        {
            "id": 104,
            "profile": "ft.D.8",
            "res": 8,
            "subtime": 4752.870102647257,
            "walltime": 300
        },
        {
            "id": 105,
            "profile": "ft.D.8",
            "res": 8,
            "subtime": 4756.728188995536,
            "walltime": 300
        },
        {
            "id": 106,
            "profile": "ft.C.8",
            "res": 8,
            "subtime": 4784.248050437371,
            "walltime": 300
        },
        {
            "id": 107,
            "profile": "lu.C.16",
            "res": 16,
            "subtime": 4786.356293899173,
            "walltime": 200
        },
        {
            "id": 108,
            "profile": "ft.D.4",
            "res": 4,
            "subtime": 4794.689390922,
            "walltime": 200
        },
        {
            "id": 109,
            "profile": "ft.C.8",
            "res": 8,
            "subtime": 4831.170037165727,
            "walltime": 300
        },
        {
            "id": 110,
            "profile": "ft.C.16",
            "res": 16,
            "subtime": 4854.449410399915,
            "walltime": 200
        },
        {
            "id": 111,
            "profile": "ft.D.4",
            "res": 4,
            "subtime": 4884.001664986846,
            "walltime": 200
        },
        {
            "id": 112,
            "profile": "ft.D.32",
            "res": 32,
            "subtime": 4916.340845569182,
            "walltime": 2400
        },
        {
            "id": 113,
            "profile": "ft.D.4",
            "res": 4,
            "subtime": 4984.808017071111,
            "walltime": 200
        },
        {
            "id": 114,
            "profile": "ft.C.4",
            "res": 4,
            "subtime": 5010.324825719402,
            "walltime": 200
        },
        {
            "id": 115,
            "profile": "is.D.32",
            "res": 32,
            "subtime": 5054.225201304479,
            "walltime": 200
        },
        {
            "id": 116,
            "profile": "ft.C.4",
            "res": 4,
            "subtime": 5056.194118313364,
            "walltime": 200
        },
        {
            "id": 117,
            "profile": "ft.D.4",
            "res": 4,
            "subtime": 5142.891777719852,
            "walltime": 200
        },
        {
            "id": 118,
            "profile": "ft.C.4",
            "res": 4,
            "subtime": 5233.460975834374,
            "walltime": 200
        },
        {
            "id": 119,
            "profile": "lu.C.16",
            "res": 16,
            "subtime": 5234.610083499989,
            "walltime": 200
        },
        {
            "id": 120,
            "profile": "ft.C.4",
            "res": 4,
            "subtime": 5301.478791407402,
            "walltime": 200
        },
        {
            "id": 121,
            "profile": "ft.C.4",
            "res": 4,
            "subtime": 5316.115760382337,
            "walltime": 200
        },
        {
            "id": 122,
            "profile": "ft.D.4",
            "res": 4,
            "subtime": 5329.563838205635,
            "walltime": 200
        },
        {
            "id": 123,
            "profile": "ft.C.8",
            "res": 8,
            "subtime": 5469.209699097742,
            "walltime": 300
        },
        {
            "id": 124,
            "profile": "ft.D.16",
            "res": 16,
            "subtime": 5588.419608715825,
            "walltime": 200
        },
        {
            "id": 125,
            "profile": "ft.D.8",
            "res": 8,
            "subtime": 5593.775641050819,
            "walltime": 300
        },
        {
            "id": 126,
            "profile": "ft.C.4",
            "res": 4,
            "subtime": 5628.898793763328,
            "walltime": 200
        },
        {
            "id": 127,
            "profile": "is.D.64",
            "res": 64,
            "subtime": 5641.386523028288,
            "walltime": 200
        },
        {
            "id": 128,
            "profile": "ft.C.8",
            "res": 8,
            "subtime": 5665.025689483801,
            "walltime": 300
        },
        {
            "id": 129,
            "profile": "ft.C.4",
            "res": 4,
            "subtime": 5689.747064374136,
            "walltime": 200
        },
        {
            "id": 130,
            "profile": "ft.C.8",
            "res": 8,
            "subtime": 5720.169957187351,
            "walltime": 300
        },
        {
            "id": 131,
            "profile": "ft.C.8",
            "res": 8,
            "subtime": 5721.506877068955,
            "walltime": 300
        },
        {
            "id": 132,
            "profile": "ft.D.8",
            "res": 8,
            "subtime": 5741.457347772151,
            "walltime": 300
        },
        {
            "id": 133,
            "profile": "ft.C.4",
            "res": 4,
            "subtime": 5755.9091451732575,
            "walltime": 200
        },
        {
            "id": 134,
            "profile": "ft.C.8",
            "res": 8,
            "subtime": 5774.178418011773,
            "walltime": 300
        },
        {
            "id": 135,
            "profile": "ft.D.4",
            "res": 4,
            "subtime": 5780.353639980003,
            "walltime": 200
        },
        {
            "id": 136,
            "profile": "ft.C.16",
            "res": 16,
            "subtime": 5784.292092385161,
            "walltime": 200
        },
        {
            "id": 137,
            "profile": "ft.D.4",
            "res": 4,
            "subtime": 5876.468237317412,
            "walltime": 200
        },
        {
            "id": 138,
            "profile": "lu.B.4",
            "res": 4,
            "subtime": 5915.499611276832,
            "walltime": 200
        },
        {
            "id": 139,
            "profile": "ft.C.16",
            "res": 16,
            "subtime": 5919.871600989885,
            "walltime": 200
        },
        {
            "id": 140,
            "profile": "ft.D.8",
            "res": 8,
            "subtime": 5920.770322330771,
            "walltime": 300
        },
        {
            "id": 141,
            "profile": "lu.C.16",
            "res": 16,
            "subtime": 5940.075191779406,
            "walltime": 200
        },
        {
            "id": 142,
            "profile": "ft.D.8",
            "res": 8,
            "subtime": 5963.970478315089,
            "walltime": 300
        },
        {
            "id": 143,
            "profile": "lu.C.16",
            "res": 16,
            "subtime": 5996.579835074456,
            "walltime": 200
        },
        {
            "id": 144,
            "profile": "ft.C.4",
            "res": 4,
            "subtime": 6000.232394435064,
            "walltime": 200
        },
        {
            "id": 145,
            "profile": "lu.B.4",
            "res": 4,
            "subtime": 6021.548764801181,
            "walltime": 200
        },
        {
            "id": 146,
            "profile": "ft.C.16",
            "res": 16,
            "subtime": 6077.547214656627,
            "walltime": 200
        },
        {
            "id": 147,
            "profile": "ft.D.128",
            "res": 128,
            "subtime": 6103.942459234356,
            "walltime": 600
        },
        {
            "id": 148,
            "profile": "ft.D.4",
            "res": 4,
            "subtime": 6123.938528608002,
            "walltime": 200
        },
        {
            "id": 149,
            "profile": "ft.C.4",
            "res": 4,
            "subtime": 6179.518725315747,
            "walltime": 200
        },
        {
            "id": 150,
            "profile": "ft.D.8",
            "res": 8,
            "subtime": 6199.072437453575,
            "walltime": 300
        },
        {
            "id": 151,
            "profile": "ft.D.8",
            "res": 8,
            "subtime": 6210.5271382864985,
            "walltime": 300
        },
        {
            "id": 152,
            "profile": "ft.D.4",
            "res": 4,
            "subtime": 6274.343279225292,
            "walltime": 200
        },
        {
            "id": 153,
            "profile": "ft.C.4",
            "res": 4,
            "subtime": 6284.520843452219,
            "walltime": 200
        },
        {
            "id": 154,
            "profile": "ft.D.16",
            "res": 16,
            "subtime": 6310.927532352646,
            "walltime": 200
        },
        {
            "id": 155,
            "profile": "ft.D.8",
            "res": 8,
            "subtime": 6324.109308809868,
            "walltime": 300
        },
        {
            "id": 156,
            "profile": "ft.C.8",
            "res": 8,
            "subtime": 6339.89366037146,
            "walltime": 300
        },
        {
            "id": 157,
            "profile": "ft.D.4",
            "res": 4,
            "subtime": 6345.820107220939,
            "walltime": 200
        },
        {
            "id": 158,
            "profile": "ft.C.8",
            "res": 8,
            "subtime": 6421.795038256016,
            "walltime": 300
        },
        {
            "id": 159,
            "profile": "ft.C.16",
            "res": 16,
            "subtime": 6421.858544699274,
            "walltime": 200
        },
        {
            "id": 160,
            "profile": "ft.D.8",
            "res": 8,
            "subtime": 6428.451476899857,
            "walltime": 300
        },
        {
            "id": 161,
            "profile": "ft.D.8",
            "res": 8,
            "subtime": 6481.756499044304,
            "walltime": 300
        },
        {
            "id": 162,
            "profile": "ft.D.4",
            "res": 4,
            "subtime": 6570.374475000628,
            "walltime": 200
        },
        {
            "id": 163,
            "profile": "ft.D.8",
            "res": 8,
            "subtime": 6576.071351872256,
            "walltime": 300
        },
        {
            "id": 164,
            "profile": "ft.D.4",
            "res": 4,
            "subtime": 6692.1092912608865,
            "walltime": 200
        },
        {
            "id": 165,
            "profile": "ft.C.8",
            "res": 8,
            "subtime": 6758.443257127451,
            "walltime": 300
        },
        {
            "id": 166,
            "profile": "ft.C.4",
            "res": 4,
            "subtime": 6772.176258569959,
            "walltime": 200
        },
        {
            "id": 167,
            "profile": "ft.C.8",
            "res": 8,
            "subtime": 6806.467017056047,
            "walltime": 300
        },
        {
            "id": 168,
            "profile": "ft.C.4",
            "res": 4,
            "subtime": 6835.762819036303,
            "walltime": 200
        },
        {
            "id": 169,
            "profile": "ft.C.4",
            "res": 4,
            "subtime": 6848.409350056249,
            "walltime": 200
        },
        {
            "id": 170,
            "profile": "ft.C.8",
            "res": 8,
            "subtime": 6880.648315201018,
            "walltime": 300
        },
        {
            "id": 171,
            "profile": "ft.D.8",
            "res": 8,
            "subtime": 6958.023068013896,
            "walltime": 300
        },
        {
            "id": 172,
            "profile": "ft.C.4",
            "res": 4,
            "subtime": 7024.616873584042,
            "walltime": 200
        },
        {
            "id": 173,
            "profile": "ft.D.4",
            "res": 4,
            "subtime": 7057.668476994644,
            "walltime": 200
        },
        {
            "id": 174,
            "profile": "ft.C.16",
            "res": 16,
            "subtime": 7059.846532639721,
            "walltime": 200
        },
        {
            "id": 175,
            "profile": "ft.D.4",
            "res": 4,
            "subtime": 7138.53524156396,
            "walltime": 200
        },
        {
            "id": 176,
            "profile": "ft.C.8",
            "res": 8,
            "subtime": 7139.4995451587965,
            "walltime": 300
        },
        {
            "id": 177,
            "profile": "ft.D.16",
            "res": 16,
            "subtime": 7238.27138048657,
            "walltime": 200
        },
        {
            "id": 178,
            "profile": "ft.D.8",
            "res": 8,
            "subtime": 7256.336812552788,
            "walltime": 300
        },
        {
            "id": 179,
            "profile": "is.D.64",
            "res": 64,
            "subtime": 7259.40803469551,
            "walltime": 200
        },
        {
            "id": 180,
            "profile": "ft.C.16",
            "res": 16,
            "subtime": 7314.4386938559755,
            "walltime": 200
        },
        {
            "id": 181,
            "profile": "ft.D.8",
            "res": 8,
            "subtime": 7320.301521547656,
            "walltime": 300
        },
        {
            "id": 182,
            "profile": "ft.D.4",
            "res": 4,
            "subtime": 7325.93430468478,
            "walltime": 200
        },
        {
            "id": 183,
            "profile": "ft.C.8",
            "res": 8,
            "subtime": 7332.528292200901,
            "walltime": 300
        },
        {
            "id": 184,
            "profile": "lu.C.16",
            "res": 16,
            "subtime": 7365.148032408416,
            "walltime": 200
        },
        {
            "id": 185,
            "profile": "ft.D.4",
            "res": 4,
            "subtime": 7383.947462473663,
            "walltime": 200
        },
        {
            "id": 186,
            "profile": "lu.B.4",
            "res": 4,
            "subtime": 7407.381155440761,
            "walltime": 200
        },
        {
            "id": 187,
            "profile": "ft.C.4",
            "res": 4,
            "subtime": 7433.6269912399575,
            "walltime": 200
        },
        {
            "id": 188,
            "profile": "lu.C.16",
            "res": 16,
            "subtime": 7484.006871571852,
            "walltime": 200
        },
        {
            "id": 189,
            "profile": "lu.B.4",
            "res": 4,
            "subtime": 7494.906610381186,
            "walltime": 200
        },
        {
            "id": 190,
            "profile": "ft.D.16",
            "res": 16,
            "subtime": 7518.8218100437525,
            "walltime": 200
        },
        {
            "id": 191,
            "profile": "lu.B.4",
            "res": 4,
            "subtime": 7553.81795545512,
            "walltime": 200
        },
        {
            "id": 192,
            "profile": "ft.D.8",
            "res": 8,
            "subtime": 7568.186367175571,
            "walltime": 300
        },
        {
            "id": 193,
            "profile": "lu.B.4",
            "res": 4,
            "subtime": 7577.719796283116,
            "walltime": 200
        },
        {
            "id": 194,
            "profile": "ft.D.8",
            "res": 8,
            "subtime": 7645.74358878875,
            "walltime": 300
        },
        {
            "id": 195,
            "profile": "ft.D.4",
            "res": 4,
            "subtime": 7663.0343769483015,
            "walltime": 200
        },
        {
            "id": 196,
            "profile": "ft.C.8",
            "res": 8,
            "subtime": 7696.499235740601,
            "walltime": 300
        },
        {
            "id": 197,
            "profile": "ft.D.4",
            "res": 4,
            "subtime": 7722.9616460346415,
            "walltime": 200
        },
        {
            "id": 198,
            "profile": "ft.D.4",
            "res": 4,
            "subtime": 7793.645476748415,
            "walltime": 200
        },
        {
            "id": 199,
            "profile": "ft.C.8",
            "res": 8,
            "subtime": 7842.073565813606,
            "walltime": 300
        },
        {
            "id": 200,
            "profile": "ft.D.32",
            "res": 32,
            "subtime": 7878.117490524542,
            "walltime": 2400
        },
        {
            "id": 201,
            "profile": "ft.D.16",
            "res": 16,
            "subtime": 7911.067635701182,
            "walltime": 200
        },
        {
            "id": 202,
            "profile": "lu.C.16",
            "res": 16,
            "subtime": 7912.690838008938,
            "walltime": 200
        },
        {
            "id": 203,
            "profile": "ft.D.8",
            "res": 8,
            "subtime": 7950.565558947306,
            "walltime": 300
        },
        {
            "id": 204,
            "profile": "ft.C.8",
            "res": 8,
            "subtime": 8000.8875936494815,
            "walltime": 300
        },
        {
            "id": 205,
            "profile": "lu.B.4",
            "res": 4,
            "subtime": 8051.929978407647,
            "walltime": 200
        },
        {
            "id": 206,
            "profile": "ft.D.16",
            "res": 16,
            "subtime": 8063.901369739351,
            "walltime": 200
        },
        {
            "id": 207,
            "profile": "ft.D.16",
            "res": 16,
            "subtime": 8088.960665266745,
            "walltime": 200
        },
        {
            "id": 208,
            "profile": "ft.D.4",
            "res": 4,
            "subtime": 8104.072350340785,
            "walltime": 200
        },
        {
            "id": 209,
            "profile": "ft.C.8",
            "res": 8,
            "subtime": 8121.472411589591,
            "walltime": 300
        },
        {
            "id": 210,
            "profile": "lu.B.4",
            "res": 4,
            "subtime": 8150.678591591131,
            "walltime": 200
        },
        {
            "id": 211,
            "profile": "ft.D.4",
            "res": 4,
            "subtime": 8158.12204954596,
            "walltime": 200
        },
        {
            "id": 212,
            "profile": "ft.D.8",
            "res": 8,
            "subtime": 8255.397199554274,
            "walltime": 300
        },
        {
            "id": 213,
            "profile": "ft.D.4",
            "res": 4,
            "subtime": 8283.334251743667,
            "walltime": 200
        },
        {
            "id": 214,
            "profile": "ft.C.16",
            "res": 16,
            "subtime": 8326.767828907185,
            "walltime": 200
        },
        {
            "id": 215,
            "profile": "ft.D.4",
            "res": 4,
            "subtime": 8340.670884493633,
            "walltime": 200
        },
        {
            "id": 216,
            "profile": "ft.D.4",
            "res": 4,
            "subtime": 8415.509070534175,
            "walltime": 200
        },
        {
            "id": 217,
            "profile": "ft.C.8",
            "res": 8,
            "subtime": 8540.647099300519,
            "walltime": 300
        },
        {
            "id": 218,
            "profile": "lu.B.4",
            "res": 4,
            "subtime": 8554.04180007273,
            "walltime": 200
        },
        {
            "id": 219,
            "profile": "ft.D.8",
            "res": 8,
            "subtime": 8561.601875258084,
            "walltime": 300
        },
        {
            "id": 220,
            "profile": "ft.C.4",
            "res": 4,
            "subtime": 8582.595386816021,
            "walltime": 200
        },
        {
            "id": 221,
            "profile": "ft.C.4",
            "res": 4,
            "subtime": 8596.445772360183,
            "walltime": 200
        },
        {
            "id": 222,
            "profile": "ft.C.8",
            "res": 8,
            "subtime": 8604.390831152677,
            "walltime": 300
        },
        {
            "id": 223,
            "profile": "ft.D.32",
            "res": 32,
            "subtime": 8629.170010807733,
            "walltime": 2400
        },
        {
            "id": 224,
            "profile": "lu.B.4",
            "res": 4,
            "subtime": 8660.330807477474,
            "walltime": 200
        },
        {
            "id": 225,
            "profile": "ft.D.16",
            "res": 16,
            "subtime": 8768.558227120106,
            "walltime": 200
        },
        {
            "id": 226,
            "profile": "ft.D.32",
            "res": 32,
            "subtime": 8776.019435420949,
            "walltime": 2400
        },
        {
            "id": 227,
            "profile": "ft.C.4",
            "res": 4,
            "subtime": 8779.516068300867,
            "walltime": 200
        },
        {
            "id": 228,
            "profile": "ft.D.8",
            "res": 8,
            "subtime": 8923.908646409314,
            "walltime": 300
        },
        {
            "id": 229,
            "profile": "ft.C.8",
            "res": 8,
            "subtime": 8943.144264003236,
            "walltime": 300
        },
        {
            "id": 230,
            "profile": "ft.C.8",
            "res": 8,
            "subtime": 9020.661038298067,
            "walltime": 300
        },
        {
            "id": 231,
            "profile": "ft.D.8",
            "res": 8,
            "subtime": 9034.031752755887,
            "walltime": 300
        },
        {
            "id": 232,
            "profile": "ft.D.8",
            "res": 8,
            "subtime": 9054.729127434477,
            "walltime": 300
        },
        {
            "id": 233,
            "profile": "ft.C.8",
            "res": 8,
            "subtime": 9079.165789948924,
            "walltime": 300
        },
        {
            "id": 234,
            "profile": "ft.C.8",
            "res": 8,
            "subtime": 9086.508407126435,
            "walltime": 300
        },
        {
            "id": 235,
            "profile": "lu.B.4",
            "res": 4,
            "subtime": 9111.450663164214,
            "walltime": 200
        },
        {
            "id": 236,
            "profile": "ft.E.32",
            "res": 32,
            "subtime": 9115.89794037912,
            "walltime": 2400
        },
        {
            "id": 237,
            "profile": "ft.D.8",
            "res": 8,
            "subtime": 9163.754822098428,
            "walltime": 300
        },
        {
            "id": 238,
            "profile": "ft.C.8",
            "res": 8,
            "subtime": 9221.538324036512,
            "walltime": 300
        },
        {
            "id": 239,
            "profile": "lu.B.4",
            "res": 4,
            "subtime": 9295.447159509837,
            "walltime": 200
        },
        {
            "id": 240,
            "profile": "is.D.32",
            "res": 32,
            "subtime": 9308.702506527317,
            "walltime": 200
        },
        {
            "id": 241,
            "profile": "ft.D.4",
            "res": 4,
            "subtime": 9327.211027531954,
            "walltime": 200
        },
        {
            "id": 242,
            "profile": "ft.C.16",
            "res": 16,
            "subtime": 9383.803093151364,
            "walltime": 200
        },
        {
            "id": 243,
            "profile": "ft.D.16",
            "res": 16,
            "subtime": 9427.113410021946,
            "walltime": 200
        },
        {
            "id": 244,
            "profile": "lu.B.4",
            "res": 4,
            "subtime": 9451.83090238398,
            "walltime": 200
        },
        {
            "id": 245,
            "profile": "ft.E.32",
            "res": 32,
            "subtime": 9501.56171061151,
            "walltime": 2400
        },
        {
            "id": 246,
            "profile": "ft.C.16",
            "res": 16,
            "subtime": 9535.969711826043,
            "walltime": 200
        },
        {
            "id": 247,
            "profile": "ft.D.8",
            "res": 8,
            "subtime": 9595.019560139472,
            "walltime": 300
        },
        {
            "id": 248,
            "profile": "ft.C.8",
            "res": 8,
            "subtime": 9648.425785471307,
            "walltime": 300
        },
        {
            "id": 249,
            "profile": "lu.B.4",
            "res": 4,
            "subtime": 9659.307423247035,
            "walltime": 200
        }
    ],
    "nb_res": 128,
    "profiles": {
        "ft.C.16": {
            "command": "mpirun --mca btl_tcp_if_exclude ib0,ib1,lo,eth2,eth1 --mca btl self,sm,tcp -hostfile \\$OAR_NODEFILE --path $PATH ft.C.16",
            "delay": 113.8,
            "np": 16,
            "runtime": 113.8,
            "type": "delay"
        },
        "ft.C.4": {
            "command": "mpirun --mca btl_tcp_if_exclude ib0,ib1,lo,eth2,eth1 --mca btl self,sm,tcp -hostfile \\$OAR_NODEFILE --path $PATH ft.C.4",
            "delay": 138.16,
            "np": 4,
            "runtime": 138.16,
            "type": "delay"
        },
        "ft.C.8": {
            "command": "mpirun --mca btl_tcp_if_exclude ib0,ib1,lo,eth2,eth1 --mca btl self,sm,tcp -hostfile \\$OAR_NODEFILE --path $PATH ft.C.8",
            "delay": 170.8,
            "np": 8,
            "runtime": 170.8,
            "type": "delay"
        },
        "ft.D.128": {
            "command": "mpirun --mca btl_tcp_if_exclude ib0,ib1,lo,eth2,eth1 --mca btl self,sm,tcp -hostfile \\$OAR_NODEFILE --path $PATH ft.D.128",
            "delay": 411.35,
            "np": 128,
            "runtime": 411.35,
            "type": "delay"
        },
        "ft.D.16": {
            "command": "mpirun --mca btl_tcp_if_exclude ib0,ib1,lo,eth2,eth1 --mca btl self,sm,tcp -hostfile \\$OAR_NODEFILE --path $PATH ft.D.16",
            "delay": 113.94,
            "np": 16,
            "runtime": 113.94,
            "type": "delay"
        },
        "ft.D.32": {
            "command": "mpirun --mca btl_tcp_if_exclude ib0,ib1,lo,eth2,eth1 --mca btl self,sm,tcp -hostfile \\$OAR_NODEFILE --path $PATH ft.D.32",
            "delay": 1446.03,
            "np": 32,
            "runtime": 1446.03,
            "type": "delay"
        },
        "ft.D.4": {
            "command": "mpirun --mca btl_tcp_if_exclude ib0,ib1,lo,eth2,eth1 --mca btl self,sm,tcp -hostfile \\$OAR_NODEFILE --path $PATH ft.D.4",
            "delay": 137.25,
            "np": 4,
            "runtime": 137.25,
            "type": "delay"
        },
        "ft.D.8": {
            "command": "mpirun --mca btl_tcp_if_exclude ib0,ib1,lo,eth2,eth1 --mca btl self,sm,tcp -hostfile \\$OAR_NODEFILE --path $PATH ft.D.8",
            "delay": 172.94,
            "np": 8,
            "runtime": 172.94,
            "type": "delay"
        },
        "ft.E.128": {
            "command": "mpirun --mca btl_tcp_if_exclude ib0,ib1,lo,eth2,eth1 --mca btl self,sm,tcp -hostfile \\$OAR_NODEFILE --path $PATH ft.E.128",
            "delay": 405.83,
            "np": 128,
            "runtime": 405.83,
            "type": "delay"
        },
        "ft.E.32": {
            "command": "mpirun --mca btl_tcp_if_exclude ib0,ib1,lo,eth2,eth1 --mca btl self,sm,tcp -hostfile \\$OAR_NODEFILE --path $PATH ft.E.32",
            "delay": 1440.49,
            "np": 32,
            "runtime": 1440.49,
            "type": "delay"
        },
        "is.D.32": {
            "command": "mpirun --mca btl_tcp_if_exclude ib0,ib1,lo,eth2,eth1 --mca btl self,sm,tcp -hostfile \\$OAR_NODEFILE --path $PATH is.D.32",
            "delay": 135.1,
            "np": 32,
            "runtime": 135.1,
            "type": "delay"
        },
        "is.D.64": {
            "command": "mpirun --mca btl_tcp_if_exclude ib0,ib1,lo,eth2,eth1 --mca btl self,sm,tcp -hostfile \\$OAR_NODEFILE --path $PATH is.D.64",
            "delay": 78.66,
            "np": 64,
            "runtime": 78.66,
            "type": "delay"
        },
        "lu.B.4": {
            "command": "mpirun --mca btl_tcp_if_exclude ib0,ib1,lo,eth2,eth1 --mca btl self,sm,tcp -hostfile \\$OAR_NODEFILE --path $PATH lu.B.4",
            "delay": 88.58,
            "np": 4,
            "runtime": 88.58,
            "type": "delay"
        },
        "lu.C.16": {
            "command": "mpirun --mca btl_tcp_if_exclude ib0,ib1,lo,eth2,eth1 --mca btl self,sm,tcp -hostfile \\$OAR_NODEFILE --path $PATH lu.C.16",
            "delay": 104.88,
            "np": 16,
            "runtime": 104.88,
            "type": "delay"
        }
    }
}