{
    "command": "./json_workload_generator.py core_level_NPB_profile.json workloads/workload_hpc_seed1_jobs250.json 128 --indent 4 --random_seed 1 --job_number 250 --job_log_size_sigma 0.4 --job_iarrival_lambda 40 --job_iarrival_k 1 --maximum_power_of_two 7",
    "date": "2017-06-06 13:26:47.051028",
    "description": "Namespace(indent=4, inputJSON=<_io.TextIOWrapper name='core_level_NPB_profile.json' mode='r' encoding='UTF-8'>, job_iarrival_k=1.0, job_iarrival_lambda=40.0, job_log_size_mu=1, job_log_size_sigma=0.4, job_number=250, maximum_job_length=None, maximum_power_of_two=7, minimum_power_of_two=2, outputJSON=<_io.TextIOWrapper name='workloads/workload_hpc_seed1_jobs250.json' mode='w' encoding='UTF-8'>, random_seed=1, resourcesNumber=128, serial_job_probability=0.25)",
    "jobs": [
        {
            "id": 0,
            "profile": "ft.D.8",
            "res": 8,
            "subtime": 57.245384205516594,
            "walltime": 300
        },
        {
            "id": 1,
            "profile": "ft.C.8",
            "res": 8,
            "subtime": 61.18782434400281,
            "walltime": 300
        },
        {
            "id": 2,
            "profile": "ft.C.4",
            "res": 4,
            "subtime": 108.79494227531521,
            "walltime": 200
        },
        {
            "id": 3,
            "profile": "ft.D.8",
            "res": 8,
            "subtime": 110.037647173838,
            "walltime": 300
        },
        {
            "id": 4,
            "profile": "ft.C.16",
            "res": 16,
            "subtime": 249.04085656634132,
            "walltime": 200
        },
        {
            "id": 5,
            "profile": "ft.D.16",
            "res": 16,
            "subtime": 361.0257839895468,
            "walltime": 200
        },
        {
            "id": 6,
            "profile": "ft.C.8",
            "res": 8,
            "subtime": 418.26870717285044,
            "walltime": 300
        },
        {
            "id": 7,
            "profile": "ft.D.16",
            "res": 16,
            "subtime": 423.4225152207736,
            "walltime": 200
        },
        {
            "id": 8,
            "profile": "lu.B.4",
            "res": 4,
            "subtime": 451.2124296709534,
            "walltime": 200
        },
        {
            "id": 9,
            "profile": "is.D.32",
            "res": 32,
            "subtime": 459.6338508274511,
            "walltime": 200
        },
        {
            "id": 10,
            "profile": "ft.D.8",
            "res": 8,
            "subtime": 495.20055316248374,
            "walltime": 300
        },
        {
            "id": 11,
            "profile": "ft.D.4",
            "res": 4,
            "subtime": 516.5994118824938,
            "walltime": 200
        },
        {
            "id": 12,
            "profile": "lu.B.4",
            "res": 4,
            "subtime": 576.4148003899594,
            "walltime": 200
        },
        {
            "id": 13,
            "profile": "ft.C.8",
            "res": 8,
            "subtime": 636.6977463323396,
            "walltime": 300
        },
        {
            "id": 14,
            "profile": "ft.D.8",
            "res": 8,
            "subtime": 689.4829417277056,
            "walltime": 300
        },
        {
            "id": 15,
            "profile": "ft.D.8",
            "res": 8,
            "subtime": 731.1521303119647,
            "walltime": 300
        },
        {
            "id": 16,
            "profile": "ft.C.4",
            "res": 4,
            "subtime": 790.0302535805405,
            "walltime": 200
        },
        {
            "id": 17,
            "profile": "ft.C.8",
            "res": 8,
            "subtime": 810.7613777925176,
            "walltime": 300
        },
        {
            "id": 18,
            "profile": "lu.C.16",
            "res": 16,
            "subtime": 810.9903973455112,
            "walltime": 200
        },
        {
            "id": 19,
            "profile": "lu.C.16",
            "res": 16,
            "subtime": 820.1913468549031,
            "walltime": 200
        },
        {
            "id": 20,
            "profile": "ft.E.32",
            "res": 32,
            "subtime": 853.9500877017445,
            "walltime": 2400
        },
        {
            "id": 21,
            "profile": "ft.D.4",
            "res": 4,
            "subtime": 921.091213640243,
            "walltime": 200
        },
        {
            "id": 22,
            "profile": "ft.D.8",
            "res": 8,
            "subtime": 945.6016201650893,
            "walltime": 300
        },
        {
            "id": 23,
            "profile": "ft.C.4",
            "res": 4,
            "subtime": 1009.6681369278247,
            "walltime": 200
        },
        {
            "id": 24,
            "profile": "ft.C.8",
            "res": 8,
            "subtime": 1033.800307308294,
            "walltime": 300
        },
        {
            "id": 25,
            "profile": "ft.D.8",
            "res": 8,
            "subtime": 1038.438683515807,
            "walltime": 300
        },
        {
            "id": 26,
            "profile": "ft.C.8",
            "res": 8,
            "subtime": 1045.77013915235,
            "walltime": 300
        },
        {
            "id": 27,
            "profile": "ft.D.16",
            "res": 16,
            "subtime": 1070.0270258050941,
            "walltime": 200
        },
        {
            "id": 28,
            "profile": "ft.C.4",
            "res": 4,
            "subtime": 1084.985969884151,
            "walltime": 200
        },
        {
            "id": 29,
            "profile": "ft.D.4",
            "res": 4,
            "subtime": 1089.5917069438722,
            "walltime": 200
        },
        {
            "id": 30,
            "profile": "ft.D.32",
            "res": 32,
            "subtime": 1224.3372569029789,
            "walltime": 2400
        },
        {
            "id": 31,
            "profile": "ft.C.4",
            "res": 4,
            "subtime": 1275.0898678951573,
            "walltime": 200
        },
        {
            "id": 32,
            "profile": "ft.C.16",
            "res": 16,
            "subtime": 1425.9388641630185,
            "walltime": 200
        },
        {
            "id": 33,
            "profile": "ft.D.16",
            "res": 16,
            "subtime": 1436.0415413547607,
            "walltime": 200
        },
        {
            "id": 34,
            "profile": "ft.D.8",
            "res": 8,
            "subtime": 1479.1732145560297,
            "walltime": 300
        },
        {
            "id": 35,
            "profile": "ft.C.4",
            "res": 4,
            "subtime": 1616.7333095211814,
            "walltime": 200
        },
        {
            "id": 36,
            "profile": "ft.C.16",
            "res": 16,
            "subtime": 1631.5969421798245,
            "walltime": 200
        },
        {
            "id": 37,
            "profile": "ft.C.8",
            "res": 8,
            "subtime": 1664.5014284790052,
            "walltime": 300
        },
        {
            "id": 38,
            "profile": "ft.D.32",
            "res": 32,
            "subtime": 1795.5204662185229,
            "walltime": 2400
        },
        {
            "id": 39,
            "profile": "ft.C.8",
            "res": 8,
            "subtime": 1814.5110694961747,
            "walltime": 300
        },
        {
            "id": 40,
            "profile": "lu.B.4",
            "res": 4,
            "subtime": 1905.2638333094096,
            "walltime": 200
        },
        {
            "id": 41,
            "profile": "ft.D.8",
            "res": 8,
            "subtime": 1919.3070395879636,
            "walltime": 300
        },
        {
            "id": 42,
            "profile": "ft.D.8",
            "res": 8,
            "subtime": 2011.2819577395298,
            "walltime": 300
        },
        {
            "id": 43,
            "profile": "ft.C.16",
            "res": 16,
            "subtime": 2023.680998297721,
            "walltime": 200
        },
        {
            "id": 44,
            "profile": "lu.B.4",
            "res": 4,
            "subtime": 2040.5356213126554,
            "walltime": 200
        },
        {
            "id": 45,
            "profile": "is.D.64",
            "res": 64,
            "subtime": 2098.967921751562,
            "walltime": 200
        },
        {
            "id": 46,
            "profile": "ft.C.8",
            "res": 8,
            "subtime": 2102.507193743726,
            "walltime": 300
        },
        {
            "id": 47,
            "profile": "ft.D.16",
            "res": 16,
            "subtime": 2119.058270838702,
            "walltime": 200
        },
        {
            "id": 48,
            "profile": "lu.B.4",
            "res": 4,
            "subtime": 2179.539803072171,
            "walltime": 200
        },
        {
            "id": 49,
            "profile": "lu.C.16",
            "res": 16,
            "subtime": 2211.5842886050427,
            "walltime": 200
        },
        {
            "id": 50,
            "profile": "ft.D.4",
            "res": 4,
            "subtime": 2214.774236246069,
            "walltime": 200
        },
        {
            "id": 51,
            "profile": "ft.D.8",
            "res": 8,
            "subtime": 2232.932632530433,
            "walltime": 300
        },
        {
            "id": 52,
            "profile": "ft.C.4",
            "res": 4,
            "subtime": 2257.415178402832,
            "walltime": 200
        },
        {
            "id": 53,
            "profile": "ft.C.8",
            "res": 8,
            "subtime": 2327.390770625864,
            "walltime": 300
        },
        {
            "id": 54,
            "profile": "ft.D.8",
            "res": 8,
            "subtime": 2334.4612045447734,
            "walltime": 300
        },
        {
            "id": 55,
            "profile": "ft.C.4",
            "res": 4,
            "subtime": 2388.965320521349,
            "walltime": 200
        },
        {
            "id": 56,
            "profile": "ft.D.16",
            "res": 16,
            "subtime": 2438.7031137500207,
            "walltime": 200
        },
        {
            "id": 57,
            "profile": "ft.D.4",
            "res": 4,
            "subtime": 2440.3201722190715,
            "walltime": 200
        },
        {
            "id": 58,
            "profile": "ft.D.4",
            "res": 4,
            "subtime": 2460.1753283562152,
            "walltime": 200
        },
        {
            "id": 59,
            "profile": "ft.D.8",
            "res": 8,
            "subtime": 2600.189451622946,
            "walltime": 300
        },
        {
            "id": 60,
            "profile": "lu.B.4",
            "res": 4,
            "subtime": 2681.070739209479,
            "walltime": 200
        },
        {
            "id": 61,
            "profile": "ft.C.8",
            "res": 8,
            "subtime": 2712.2714612150953,
            "walltime": 300
        },
        {
            "id": 62,
            "profile": "ft.C.4",
            "res": 4,
            "subtime": 2780.85829803089,
            "walltime": 200
        },
        {
            "id": 63,
            "profile": "ft.D.4",
            "res": 4,
            "subtime": 2782.53504579509,
            "walltime": 200
        },
        {
            "id": 64,
            "profile": "ft.D.32",
            "res": 32,
            "subtime": 2798.8136995100313,
            "walltime": 2400
        },
        {
            "id": 65,
            "profile": "ft.C.8",
            "res": 8,
            "subtime": 2810.06039329573,
            "walltime": 300
        },
        {
            "id": 66,
            "profile": "ft.D.8",
            "res": 8,
            "subtime": 2837.2507647039283,
            "walltime": 300
        },
        {
            "id": 67,
            "profile": "lu.C.16",
            "res": 16,
            "subtime": 2897.4081245093294,
            "walltime": 200
        },
        {
            "id": 68,
            "profile": "lu.B.4",
            "res": 4,
            "subtime": 2905.0178597814634,
            "walltime": 200
        },
        {
            "id": 69,
            "profile": "ft.C.16",
            "res": 16,
            "subtime": 2954.439699936687,
            "walltime": 200
        },
        {
            "id": 70,
            "profile": "ft.D.32",
            "res": 32,
            "subtime": 3044.121430994631,
            "walltime": 2400
        },
        {
            "id": 71,
            "profile": "lu.B.4",
            "res": 4,
            "subtime": 3109.2777361214203,
            "walltime": 200
        },
        {
            "id": 72,
            "profile": "ft.D.32",
            "res": 32,
            "subtime": 3123.483431108618,
            "walltime": 2400
        },
        {
            "id": 73,
            "profile": "ft.C.8",
            "res": 8,
            "subtime": 3135.128894153013,
            "walltime": 300
        },
        {
            "id": 74,
            "profile": "lu.C.16",
            "res": 16,
            "subtime": 3158.278714794163,
            "walltime": 200
        },
        {
            "id": 75,
            "profile": "ft.D.8",
            "res": 8,
            "subtime": 3165.805102458671,
            "walltime": 300
        },
        {
            "id": 76,
            "profile": "ft.D.8",
            "res": 8,
            "subtime": 3315.5165713883803,
            "walltime": 300
        },
        {
            "id": 77,
            "profile": "ft.C.8",
            "res": 8,
            "subtime": 3327.5128561878073,
            "walltime": 300
        },
        {
            "id": 78,
            "profile": "ft.D.16",
            "res": 16,
            "subtime": 3335.070958476574,
            "walltime": 200
        },
        {
            "id": 79,
            "profile": "ft.C.4",
            "res": 4,
            "subtime": 3365.161523945969,
            "walltime": 200
        },
        {
            "id": 80,
            "profile": "ft.D.8",
            "res": 8,
            "subtime": 3471.5936197037668,
            "walltime": 300
        },
        {
            "id": 81,
            "profile": "ft.D.8",
            "res": 8,
            "subtime": 3498.9272169304527,
            "walltime": 300
        },
        {
            "id": 82,
            "profile": "ft.D.8",
            "res": 8,
            "subtime": 3515.36350239882,
            "walltime": 300
        },
        {
            "id": 83,
            "profile": "lu.C.16",
            "res": 16,
            "subtime": 3528.239283143215,
            "walltime": 200
        },
        {
            "id": 84,
            "profile": "ft.C.8",
            "res": 8,
            "subtime": 3585.8598960394074,
            "walltime": 300
        },
        {
            "id": 85,
            "profile": "ft.C.8",
            "res": 8,
            "subtime": 3600.8070455599614,
            "walltime": 300
        },
        {
            "id": 86,
            "profile": "ft.E.128",
            "res": 128,
            "subtime": 3608.028549789154,
            "walltime": 600
        },
        {
            "id": 87,
            "profile": "ft.C.16",
            "res": 16,
            "subtime": 3685.6232861718145,
            "walltime": 200
        },
        {
            "id": 88,
            "profile": "ft.D.8",
            "res": 8,
            "subtime": 3707.88082154971,
            "walltime": 300
        },
        {
            "id": 89,
            "profile": "ft.D.16",
            "res": 16,
            "subtime": 3758.39482533806,
            "walltime": 200
        },
        {
            "id": 90,
            "profile": "ft.C.4",
            "res": 4,
            "subtime": 3789.824880591274,
            "walltime": 200
        },
        {
            "id": 91,
            "profile": "ft.C.4",
            "res": 4,
            "subtime": 3802.2779912953765,
            "walltime": 200
        },
        {
            "id": 92,
            "profile": "is.D.32",
            "res": 32,
            "subtime": 3805.700667754171,
            "walltime": 200
        },
        {
            "id": 93,
            "profile": "ft.D.16",
            "res": 16,
            "subtime": 3918.2351666848745,
            "walltime": 200
        },
        {
            "id": 94,
            "profile": "ft.D.16",
            "res": 16,
            "subtime": 3941.294482777142,
            "walltime": 200
        },
        {
            "id": 95,
            "profile": "ft.C.8",
            "res": 8,
            "subtime": 3946.3708679999163,
            "walltime": 300
        },
        {
            "id": 96,
            "profile": "ft.C.8",
            "res": 8,
            "subtime": 3989.5832650652637,
            "walltime": 300
        },
        {
            "id": 97,
            "profile": "lu.B.4",
            "res": 4,
            "subtime": 3989.743945599652,
            "walltime": 200
        },
        {
            "id": 98,
            "profile": "ft.C.4",
            "res": 4,
            "subtime": 3990.995663627105,
            "walltime": 200
        },
        {
            "id": 99,
            "profile": "ft.C.4",
            "res": 4,
            "subtime": 4022.260763019515,
            "walltime": 200
        },
        {
            "id": 100,
            "profile": "ft.D.4",
            "res": 4,
            "subtime": 4093.6970116984703,
            "walltime": 200
        },
        {
            "id": 101,
            "profile": "ft.C.4",
            "res": 4,
            "subtime": 4125.228483031681,
            "walltime": 200
        },
        {
            "id": 102,
            "profile": "ft.C.8",
            "res": 8,
            "subtime": 4159.0379811538705,
            "walltime": 300
        },
        {
            "id": 103,
            "profile": "ft.C.4",
            "res": 4,
            "subtime": 4252.781683933842,
            "walltime": 200
        },
        {
            "id": 104,
            "profile": "lu.C.16",
            "res": 16,
            "subtime": 4258.656494397903,
            "walltime": 200
        },
        {
            "id": 105,
            "profile": "ft.D.8",
            "res": 8,
            "subtime": 4281.64754234942,
            "walltime": 300
        },
        {
            "id": 106,
            "profile": "ft.D.16",
            "res": 16,
            "subtime": 4281.681345346386,
            "walltime": 200
        },
        {
            "id": 107,
            "profile": "ft.D.8",
            "res": 8,
            "subtime": 4312.681269768138,
            "walltime": 300
        },
        {
            "id": 108,
            "profile": "lu.B.4",
            "res": 4,
            "subtime": 4339.79578373276,
            "walltime": 200
        },
        {
            "id": 109,
            "profile": "ft.C.8",
            "res": 8,
            "subtime": 4372.353143545143,
            "walltime": 300
        },
        {
            "id": 110,
            "profile": "is.D.32",
            "res": 32,
            "subtime": 4400.965600278001,
            "walltime": 200
        },
        {
            "id": 111,
            "profile": "is.D.32",
            "res": 32,
            "subtime": 4422.000825042038,
            "walltime": 200
        },
        {
            "id": 112,
            "profile": "lu.B.4",
            "res": 4,
            "subtime": 4466.207021208889,
            "walltime": 200
        },
        {
            "id": 113,
            "profile": "lu.B.4",
            "res": 4,
            "subtime": 4485.92400298726,
            "walltime": 200
        },
        {
            "id": 114,
            "profile": "lu.B.4",
            "res": 4,
            "subtime": 4521.047981374002,
            "walltime": 200
        },
        {
            "id": 115,
            "profile": "lu.C.16",
            "res": 16,
            "subtime": 4532.429136708861,
            "walltime": 200
        },
        {
            "id": 116,
            "profile": "ft.C.16",
            "res": 16,
            "subtime": 4553.331502767554,
            "walltime": 200
        },
        {
            "id": 117,
            "profile": "ft.D.8",
            "res": 8,
            "subtime": 4614.34892072639,
            "walltime": 300
        },
        {
            "id": 118,
            "profile": "ft.E.32",
            "res": 32,
            "subtime": 4711.866730686704,
            "walltime": 2400
        },
        {
            "id": 119,
            "profile": "lu.C.16",
            "res": 16,
            "subtime": 4743.298880745386,
            "walltime": 200
        },
        {
            "id": 120,
            "profile": "ft.C.8",
            "res": 8,
            "subtime": 4755.932293217913,
            "walltime": 300
        },
        {
            "id": 121,
            "profile": "ft.C.8",
            "res": 8,
            "subtime": 4802.837408010486,
            "walltime": 300
        },
        {
            "id": 122,
            "profile": "lu.B.4",
            "res": 4,
            "subtime": 4817.35681673003,
            "walltime": 200
        },
        {
            "id": 123,
            "profile": "ft.D.8",
            "res": 8,
            "subtime": 4829.8942768307725,
            "walltime": 300
        },
        {
            "id": 124,
            "profile": "ft.C.8",
            "res": 8,
            "subtime": 4837.277814979952,
            "walltime": 300
        },
        {
            "id": 125,
            "profile": "lu.C.16",
            "res": 16,
            "subtime": 4849.853130960475,
            "walltime": 200
        },
        {
            "id": 126,
            "profile": "ft.D.8",
            "res": 8,
            "subtime": 4857.420354664664,
            "walltime": 300
        },
        {
            "id": 127,
            "profile": "lu.B.4",
            "res": 4,
            "subtime": 4906.481405736059,
            "walltime": 200
        },
        {
            "id": 128,
            "profile": "is.D.64",
            "res": 64,
            "subtime": 5011.723659396086,
            "walltime": 200
        },
        {
            "id": 129,
            "profile": "ft.D.16",
            "res": 16,
            "subtime": 5020.1476055498015,
            "walltime": 200
        },
        {
            "id": 130,
            "profile": "ft.D.8",
            "res": 8,
            "subtime": 5054.984351093716,
            "walltime": 300
        },
        {
            "id": 131,
            "profile": "ft.D.32",
            "res": 32,
            "subtime": 5060.953120082039,
            "walltime": 2400
        },
        {
            "id": 132,
            "profile": "ft.C.4",
            "res": 4,
            "subtime": 5065.877671746746,
            "walltime": 200
        },
        {
            "id": 133,
            "profile": "ft.D.4",
            "res": 4,
            "subtime": 5092.997099728316,
            "walltime": 200
        },
        {
            "id": 134,
            "profile": "ft.C.4",
            "res": 4,
            "subtime": 5159.316561044233,
            "walltime": 200
        },
        {
            "id": 135,
            "profile": "ft.D.8",
            "res": 8,
            "subtime": 5176.085524187944,
            "walltime": 300
        },
        {
            "id": 136,
            "profile": "lu.C.16",
            "res": 16,
            "subtime": 5183.668465856534,
            "walltime": 200
        },
        {
            "id": 137,
            "profile": "ft.D.4",
            "res": 4,
            "subtime": 5202.6542747221365,
            "walltime": 200
        },
        {
            "id": 138,
            "profile": "ft.D.4",
            "res": 4,
            "subtime": 5227.492977166071,
            "walltime": 200
        },
        {
            "id": 139,
            "profile": "ft.D.8",
            "res": 8,
            "subtime": 5243.519080988728,
            "walltime": 300
        },
        {
            "id": 140,
            "profile": "is.D.64",
            "res": 64,
            "subtime": 5245.411884628149,
            "walltime": 200
        },
        {
            "id": 141,
            "profile": "lu.B.4",
            "res": 4,
            "subtime": 5258.954928077277,
            "walltime": 200
        },
        {
            "id": 142,
            "profile": "lu.B.4",
            "res": 4,
            "subtime": 5265.56279699759,
            "walltime": 200
        },
        {
            "id": 143,
            "profile": "ft.C.4",
            "res": 4,
            "subtime": 5268.877129801642,
            "walltime": 200
        },
        {
            "id": 144,
            "profile": "ft.C.8",
            "res": 8,
            "subtime": 5270.321688602283,
            "walltime": 300
        },
        {
            "id": 145,
            "profile": "ft.C.4",
            "res": 4,
            "subtime": 5292.982968628259,
            "walltime": 200
        },
        {
            "id": 146,
            "profile": "ft.C.4",
            "res": 4,
            "subtime": 5347.582176708981,
            "walltime": 200
        },
        {
            "id": 147,
            "profile": "is.D.64",
            "res": 64,
            "subtime": 5367.3344886292525,
            "walltime": 200
        },
        {
            "id": 148,
            "profile": "ft.C.8",
            "res": 8,
            "subtime": 5402.796486515492,
            "walltime": 300
        },
        {
            "id": 149,
            "profile": "ft.D.8",
            "res": 8,
            "subtime": 5439.987004523202,
            "walltime": 300
        },
        {
            "id": 150,
            "profile": "ft.C.8",
            "res": 8,
            "subtime": 5534.161932129272,
            "walltime": 300
        },
        {
            "id": 151,
            "profile": "ft.D.8",
            "res": 8,
            "subtime": 5635.151456353714,
            "walltime": 300
        },
        {
            "id": 152,
            "profile": "lu.B.4",
            "res": 4,
            "subtime": 5686.229728819362,
            "walltime": 200
        },
        {
            "id": 153,
            "profile": "ft.C.8",
            "res": 8,
            "subtime": 5692.778032071064,
            "walltime": 300
        },
        {
            "id": 154,
            "profile": "ft.D.8",
            "res": 8,
            "subtime": 5694.41582612414,
            "walltime": 300
        },
        {
            "id": 155,
            "profile": "ft.C.8",
            "res": 8,
            "subtime": 5784.725494562652,
            "walltime": 300
        },
        {
            "id": 156,
            "profile": "ft.D.4",
            "res": 4,
            "subtime": 5788.514478795652,
            "walltime": 200
        },
        {
            "id": 157,
            "profile": "ft.C.8",
            "res": 8,
            "subtime": 5867.071935869533,
            "walltime": 300
        },
        {
            "id": 158,
            "profile": "lu.B.4",
            "res": 4,
            "subtime": 5872.642643834913,
            "walltime": 200
        },
        {
            "id": 159,
            "profile": "ft.D.16",
            "res": 16,
            "subtime": 5946.294011383905,
            "walltime": 200
        },
        {
            "id": 160,
            "profile": "ft.D.8",
            "res": 8,
            "subtime": 5974.772545841175,
            "walltime": 300
        },
        {
            "id": 161,
            "profile": "ft.D.8",
            "res": 8,
            "subtime": 6004.444735786973,
            "walltime": 300
        },
        {
            "id": 162,
            "profile": "lu.C.16",
            "res": 16,
            "subtime": 6052.775518031679,
            "walltime": 200
        },
        {
            "id": 163,
            "profile": "ft.D.8",
            "res": 8,
            "subtime": 6107.150489604077,
            "walltime": 300
        },
        {
            "id": 164,
            "profile": "ft.D.4",
            "res": 4,
            "subtime": 6111.248638929965,
            "walltime": 200
        },
        {
            "id": 165,
            "profile": "ft.C.4",
            "res": 4,
            "subtime": 6125.543997439495,
            "walltime": 200
        },
        {
            "id": 166,
            "profile": "ft.D.16",
            "res": 16,
            "subtime": 6139.715166150569,
            "walltime": 200
        },
        {
            "id": 167,
            "profile": "lu.B.4",
            "res": 4,
            "subtime": 6169.082484814249,
            "walltime": 200
        },
        {
            "id": 168,
            "profile": "ft.D.4",
            "res": 4,
            "subtime": 6203.131640505794,
            "walltime": 200
        },
        {
            "id": 169,
            "profile": "ft.D.8",
            "res": 8,
            "subtime": 6300.752567640857,
            "walltime": 300
        },
        {
            "id": 170,
            "profile": "lu.B.4",
            "res": 4,
            "subtime": 6377.472525536567,
            "walltime": 200
        },
        {
            "id": 171,
            "profile": "lu.B.4",
            "res": 4,
            "subtime": 6432.391707352076,
            "walltime": 200
        },
        {
            "id": 172,
            "profile": "ft.D.8",
            "res": 8,
            "subtime": 6468.869854950902,
            "walltime": 300
        },
        {
            "id": 173,
            "profile": "ft.C.4",
            "res": 4,
            "subtime": 6475.293274901357,
            "walltime": 200
        },
        {
            "id": 174,
            "profile": "ft.C.16",
            "res": 16,
            "subtime": 6483.456351322815,
            "walltime": 200
        },
        {
            "id": 175,
            "profile": "ft.C.4",
            "res": 4,
            "subtime": 6550.251066409978,
            "walltime": 200
        },
        {
            "id": 176,
            "profile": "ft.C.8",
            "res": 8,
            "subtime": 6590.253298606375,
            "walltime": 300
        },
        {
            "id": 177,
            "profile": "ft.C.8",
            "res": 8,
            "subtime": 6653.489698006214,
            "walltime": 300
        },
        {
            "id": 178,
            "profile": "ft.D.8",
            "res": 8,
            "subtime": 6745.598381995858,
            "walltime": 300
        },
        {
            "id": 179,
            "profile": "ft.C.8",
            "res": 8,
            "subtime": 6834.358112218454,
            "walltime": 300
        },
        {
            "id": 180,
            "profile": "ft.C.16",
            "res": 16,
            "subtime": 6856.524426018184,
            "walltime": 200
        },
        {
            "id": 181,
            "profile": "ft.C.16",
            "res": 16,
            "subtime": 6920.535772217149,
            "walltime": 200
        },
        {
            "id": 182,
            "profile": "is.D.64",
            "res": 64,
            "subtime": 6941.459149358473,
            "walltime": 200
        },
        {
            "id": 183,
            "profile": "ft.D.8",
            "res": 8,
            "subtime": 6943.096991295263,
            "walltime": 300
        },
        {
            "id": 184,
            "profile": "ft.C.16",
            "res": 16,
            "subtime": 7072.377435846952,
            "walltime": 200
        },
        {
            "id": 185,
            "profile": "lu.C.16",
            "res": 16,
            "subtime": 7077.492800182472,
            "walltime": 200
        },
        {
            "id": 186,
            "profile": "ft.D.8",
            "res": 8,
            "subtime": 7107.323272087225,
            "walltime": 300
        },
        {
            "id": 187,
            "profile": "ft.D.8",
            "res": 8,
            "subtime": 7144.252800196448,
            "walltime": 300
        },
        {
            "id": 188,
            "profile": "ft.C.8",
            "res": 8,
            "subtime": 7172.487295330229,
            "walltime": 300
        },
        {
            "id": 189,
            "profile": "ft.C.8",
            "res": 8,
            "subtime": 7184.1411809792535,
            "walltime": 300
        },
        {
            "id": 190,
            "profile": "lu.B.4",
            "res": 4,
            "subtime": 7217.521179795204,
            "walltime": 200
        },
        {
            "id": 191,
            "profile": "lu.B.4",
            "res": 4,
            "subtime": 7307.799061006357,
            "walltime": 200
        },
        {
            "id": 192,
            "profile": "ft.D.4",
            "res": 4,
            "subtime": 7348.205173562023,
            "walltime": 200
        },
        {
            "id": 193,
            "profile": "ft.D.4",
            "res": 4,
            "subtime": 7365.7141752744965,
            "walltime": 200
        },
        {
            "id": 194,
            "profile": "ft.C.8",
            "res": 8,
            "subtime": 7433.0058406313065,
            "walltime": 300
        },
        {
            "id": 195,
            "profile": "ft.D.4",
            "res": 4,
            "subtime": 7552.539818814101,
            "walltime": 200
        },
        {
            "id": 196,
            "profile": "ft.D.4",
            "res": 4,
            "subtime": 7575.271136273633,
            "walltime": 200
        },
        {
            "id": 197,
            "profile": "lu.C.16",
            "res": 16,
            "subtime": 7646.060330587374,
            "walltime": 200
        },
        {
            "id": 198,
            "profile": "ft.E.32",
            "res": 32,
            "subtime": 7649.893341487929,
            "walltime": 2400
        },
        {
            "id": 199,
            "profile": "ft.C.4",
            "res": 4,
            "subtime": 7670.2684019371645,
            "walltime": 200
        },
        {
            "id": 200,
            "profile": "ft.D.128",
            "res": 128,
            "subtime": 7692.591103712397,
            "walltime": 600
        },
        {
            "id": 201,
            "profile": "ft.C.4",
            "res": 4,
            "subtime": 7809.420100142416,
            "walltime": 200
        },
        {
            "id": 202,
            "profile": "ft.C.8",
            "res": 8,
            "subtime": 8022.37111275771,
            "walltime": 300
        },
        {
            "id": 203,
            "profile": "ft.C.8",
            "res": 8,
            "subtime": 8084.121546855905,
            "walltime": 300
        },
        {
            "id": 204,
            "profile": "ft.D.8",
            "res": 8,
            "subtime": 8089.4074496577305,
            "walltime": 300
        },
        {
            "id": 205,
            "profile": "ft.D.4",
            "res": 4,
            "subtime": 8183.595593242919,
            "walltime": 200
        },
        {
            "id": 206,
            "profile": "lu.B.4",
            "res": 4,
            "subtime": 8192.581383434757,
            "walltime": 200
        },
        {
            "id": 207,
            "profile": "ft.D.8",
            "res": 8,
            "subtime": 8273.86262915081,
            "walltime": 300
        },
        {
            "id": 208,
            "profile": "ft.C.16",
            "res": 16,
            "subtime": 8336.043891672061,
            "walltime": 200
        },
        {
            "id": 209,
            "profile": "ft.D.32",
            "res": 32,
            "subtime": 8336.387842515649,
            "walltime": 2400
        },
        {
            "id": 210,
            "profile": "ft.D.4",
            "res": 4,
            "subtime": 8350.647081080017,
            "walltime": 200
        },
        {
            "id": 211,
            "profile": "ft.C.8",
            "res": 8,
            "subtime": 8371.863939494513,
            "walltime": 300
        },
        {
            "id": 212,
            "profile": "lu.B.4",
            "res": 4,
            "subtime": 8411.636845605162,
            "walltime": 200
        },
        {
            "id": 213,
            "profile": "ft.D.16",
            "res": 16,
            "subtime": 8424.23416471262,
            "walltime": 200
        },
        {
            "id": 214,
            "profile": "ft.D.8",
            "res": 8,
            "subtime": 8433.88648137747,
            "walltime": 300
        },
        {
            "id": 215,
            "profile": "ft.D.4",
            "res": 4,
            "subtime": 8441.637580713534,
            "walltime": 200
        },
        {
            "id": 216,
            "profile": "is.D.32",
            "res": 32,
            "subtime": 8489.026794721229,
            "walltime": 200
        },
        {
            "id": 217,
            "profile": "ft.D.8",
            "res": 8,
            "subtime": 8519.098672034252,
            "walltime": 300
        },
        {
            "id": 218,
            "profile": "ft.C.8",
            "res": 8,
            "subtime": 8524.573740610862,
            "walltime": 300
        },
        {
            "id": 219,
            "profile": "ft.C.4",
            "res": 4,
            "subtime": 8564.916850710124,
            "walltime": 200
        },
        {
            "id": 220,
            "profile": "lu.B.4",
            "res": 4,
            "subtime": 8573.812821230265,
            "walltime": 200
        },
        {
            "id": 221,
            "profile": "ft.D.16",
            "res": 16,
            "subtime": 8589.691332937895,
            "walltime": 200
        },
        {
            "id": 222,
            "profile": "lu.C.16",
            "res": 16,
            "subtime": 8599.861758334187,
            "walltime": 200
        },
        {
            "id": 223,
            "profile": "lu.B.4",
            "res": 4,
            "subtime": 8618.936542523232,
            "walltime": 200
        },
        {
            "id": 224,
            "profile": "ft.C.4",
            "res": 4,
            "subtime": 8630.487672328421,
            "walltime": 200
        },
        {
            "id": 225,
            "profile": "ft.D.32",
            "res": 32,
            "subtime": 8647.534900758897,
            "walltime": 2400
        },
        {
            "id": 226,
            "profile": "lu.B.4",
            "res": 4,
            "subtime": 8649.57680272843,
            "walltime": 200
        },
        {
            "id": 227,
            "profile": "ft.D.8",
            "res": 8,
            "subtime": 8662.364808456858,
            "walltime": 300
        },
        {
            "id": 228,
            "profile": "ft.C.8",
            "res": 8,
            "subtime": 8679.741775827762,
            "walltime": 300
        },
        {
            "id": 229,
            "profile": "ft.D.32",
            "res": 32,
            "subtime": 8717.014235346187,
            "walltime": 2400
        },
        {
            "id": 230,
            "profile": "lu.C.16",
            "res": 16,
            "subtime": 8751.395910660416,
            "walltime": 200
        },
        {
            "id": 231,
            "profile": "ft.D.16",
            "res": 16,
            "subtime": 8782.090226173525,
            "walltime": 200
        },
        {
            "id": 232,
            "profile": "ft.C.8",
            "res": 8,
            "subtime": 8818.7509981385,
            "walltime": 300
        },
        {
            "id": 233,
            "profile": "ft.D.4",
            "res": 4,
            "subtime": 8831.586428828681,
            "walltime": 200
        },
        {
            "id": 234,
            "profile": "ft.C.16",
            "res": 16,
            "subtime": 8852.239221938911,
            "walltime": 200
        },
        {
            "id": 235,
            "profile": "lu.B.4",
            "res": 4,
            "subtime": 9003.959649637709,
            "walltime": 200
        },
        {
            "id": 236,
            "profile": "lu.B.4",
            "res": 4,
            "subtime": 9032.278296140634,
            "walltime": 200
        },
        {
            "id": 237,
            "profile": "ft.D.8",
            "res": 8,
            "subtime": 9078.15834977605,
            "walltime": 300
        },
        {
            "id": 238,
            "profile": "ft.D.16",
            "res": 16,
            "subtime": 9085.121429303632,
            "walltime": 200
        },
        {
            "id": 239,
            "profile": "ft.D.16",
            "res": 16,
            "subtime": 9105.932237086034,
            "walltime": 200
        },
        {
            "id": 240,
            "profile": "lu.B.4",
            "res": 4,
            "subtime": 9142.953975620292,
            "walltime": 200
        },
        {
            "id": 241,
            "profile": "is.D.64",
            "res": 64,
            "subtime": 9197.926804696957,
            "walltime": 200
        },
        {
            "id": 242,
            "profile": "lu.B.4",
            "res": 4,
            "subtime": 9219.873389367052,
            "walltime": 200
        },
        {
            "id": 243,
            "profile": "lu.C.16",
            "res": 16,
            "subtime": 9244.668343961952,
            "walltime": 200
        },
        {
            "id": 244,
            "profile": "ft.C.16",
            "res": 16,
            "subtime": 9315.964115577119,
            "walltime": 200
        },
        {
            "id": 245,
            "profile": "ft.D.8",
            "res": 8,
            "subtime": 9347.99601131023,
            "walltime": 300
        },
        {
            "id": 246,
            "profile": "lu.C.16",
            "res": 16,
            "subtime": 9365.624245802695,
            "walltime": 200
        },
        {
            "id": 247,
            "profile": "ft.C.8",
            "res": 8,
            "subtime": 9370.085668767513,
            "walltime": 300
        },
        {
            "id": 248,
            "profile": "ft.D.8",
            "res": 8,
            "subtime": 9381.779562847449,
            "walltime": 300
        },
        {
            "id": 249,
            "profile": "is.D.64",
            "res": 64,
            "subtime": 9420.163398040488,
            "walltime": 200
        }
    ],
    "nb_res": 128,
    "profiles": {
        "ft.C.16": {
            "command": "mpirun --mca btl_tcp_if_exclude ib0,ib1,lo,eth2,eth1 --mca btl self,sm,tcp -hostfile \\$OAR_NODEFILE --path $PATH ft.C.16",
            "delay": 113.8,
            "np": 16,
            "runtime": 113.8,
            "type": "delay"
        },
        "ft.C.4": {
            "command": "mpirun --mca btl_tcp_if_exclude ib0,ib1,lo,eth2,eth1 --mca btl self,sm,tcp -hostfile \\$OAR_NODEFILE --path $PATH ft.C.4",
            "delay": 138.16,
            "np": 4,
            "runtime": 138.16,
            "type": "delay"
        },
        "ft.C.8": {
            "command": "mpirun --mca btl_tcp_if_exclude ib0,ib1,lo,eth2,eth1 --mca btl self,sm,tcp -hostfile \\$OAR_NODEFILE --path $PATH ft.C.8",
            "delay": 170.8,
            "np": 8,
            "runtime": 170.8,
            "type": "delay"
        },
        "ft.D.128": {
            "command": "mpirun --mca btl_tcp_if_exclude ib0,ib1,lo,eth2,eth1 --mca btl self,sm,tcp -hostfile \\$OAR_NODEFILE --path $PATH ft.D.128",
            "delay": 411.35,
            "np": 128,
            "runtime": 411.35,
            "type": "delay"
        },
        "ft.D.16": {
            "command": "mpirun --mca btl_tcp_if_exclude ib0,ib1,lo,eth2,eth1 --mca btl self,sm,tcp -hostfile \\$OAR_NODEFILE --path $PATH ft.D.16",
            "delay": 113.94,
            "np": 16,
            "runtime": 113.94,
            "type": "delay"
        },
        "ft.D.32": {
            "command": "mpirun --mca btl_tcp_if_exclude ib0,ib1,lo,eth2,eth1 --mca btl self,sm,tcp -hostfile \\$OAR_NODEFILE --path $PATH ft.D.32",
            "delay": 1446.03,
            "np": 32,
            "runtime": 1446.03,
            "type": "delay"
        },
        "ft.D.4": {
            "command": "mpirun --mca btl_tcp_if_exclude ib0,ib1,lo,eth2,eth1 --mca btl self,sm,tcp -hostfile \\$OAR_NODEFILE --path $PATH ft.D.4",
            "delay": 137.25,
            "np": 4,
            "runtime": 137.25,
            "type": "delay"
        },
        "ft.D.8": {
            "command": "mpirun --mca btl_tcp_if_exclude ib0,ib1,lo,eth2,eth1 --mca btl self,sm,tcp -hostfile \\$OAR_NODEFILE --path $PATH ft.D.8",
            "delay": 172.94,
            "np": 8,
            "runtime": 172.94,
            "type": "delay"
        },
        "ft.E.128": {
            "command": "mpirun --mca btl_tcp_if_exclude ib0,ib1,lo,eth2,eth1 --mca btl self,sm,tcp -hostfile \\$OAR_NODEFILE --path $PATH ft.E.128",
            "delay": 405.83,
            "np": 128,
            "runtime": 405.83,
            "type": "delay"
        },
        "ft.E.32": {
            "command": "mpirun --mca btl_tcp_if_exclude ib0,ib1,lo,eth2,eth1 --mca btl self,sm,tcp -hostfile \\$OAR_NODEFILE --path $PATH ft.E.32",
            "delay": 1440.49,
            "np": 32,
            "runtime": 1440.49,
            "type": "delay"
        },
        "is.D.32": {
            "command": "mpirun --mca btl_tcp_if_exclude ib0,ib1,lo,eth2,eth1 --mca btl self,sm,tcp -hostfile \\$OAR_NODEFILE --path $PATH is.D.32",
            "delay": 135.1,
            "np": 32,
            "runtime": 135.1,
            "type": "delay"
        },
        "is.D.64": {
            "command": "mpirun --mca btl_tcp_if_exclude ib0,ib1,lo,eth2,eth1 --mca btl self,sm,tcp -hostfile \\$OAR_NODEFILE --path $PATH is.D.64",
            "delay": 78.66,
            "np": 64,
            "runtime": 78.66,
            "type": "delay"
        },
        "lu.B.4": {
            "command": "mpirun --mca btl_tcp_if_exclude ib0,ib1,lo,eth2,eth1 --mca btl self,sm,tcp -hostfile \\$OAR_NODEFILE --path $PATH lu.B.4",
            "delay": 88.58,
            "np": 4,
            "runtime": 88.58,
            "type": "delay"
        },
        "lu.C.16": {
            "command": "mpirun --mca btl_tcp_if_exclude ib0,ib1,lo,eth2,eth1 --mca btl self,sm,tcp -hostfile \\$OAR_NODEFILE --path $PATH lu.C.16",
            "delay": 104.88,
            "np": 16,
            "runtime": 104.88,
            "type": "delay"
        }
    }
}